-- MySQL dump 10.13  Distrib 5.5.40, for debian-linux-gnu (x86_64)
--
-- Host: mysqlserver.get.cu    Database: rcu_db
-- ------------------------------------------------------
-- Server version	5.5.40-0ubuntu0.14.04.1

/*!40101 SET @OLD_CHARACTER_SET_CLIENT=@@CHARACTER_SET_CLIENT */;
/*!40101 SET @OLD_CHARACTER_SET_RESULTS=@@CHARACTER_SET_RESULTS */;
/*!40101 SET @OLD_COLLATION_CONNECTION=@@COLLATION_CONNECTION */;
/*!40101 SET NAMES utf8 */;
/*!40103 SET @OLD_TIME_ZONE=@@TIME_ZONE */;
/*!40103 SET TIME_ZONE='+00:00' */;
/*!40014 SET @OLD_UNIQUE_CHECKS=@@UNIQUE_CHECKS, UNIQUE_CHECKS=0 */;
/*!40014 SET @OLD_FOREIGN_KEY_CHECKS=@@FOREIGN_KEY_CHECKS, FOREIGN_KEY_CHECKS=0 */;
/*!40101 SET @OLD_SQL_MODE=@@SQL_MODE, SQL_MODE='NO_AUTO_VALUE_ON_ZERO' */;
/*!40111 SET @OLD_SQL_NOTES=@@SQL_NOTES, SQL_NOTES=0 */;

--
-- Table structure for table `acme_role`
--

DROP TABLE IF EXISTS `acme_role`;
/*!40101 SET @saved_cs_client     = @@character_set_client */;
/*!40101 SET character_set_client = utf8 */;
CREATE TABLE `acme_role` (
  `id` int(11) NOT NULL AUTO_INCREMENT,
  `name` varchar(30) COLLATE utf8_unicode_ci NOT NULL,
  `role` varchar(20) COLLATE utf8_unicode_ci NOT NULL,
  PRIMARY KEY (`id`),
  UNIQUE KEY `UNIQ_8D4398B157698A6A` (`role`)
) ENGINE=InnoDB AUTO_INCREMENT=4 DEFAULT CHARSET=utf8 COLLATE=utf8_unicode_ci;
/*!40101 SET character_set_client = @saved_cs_client */;

--
-- Dumping data for table `acme_role`
--

LOCK TABLES `acme_role` WRITE;
/*!40000 ALTER TABLE `acme_role` DISABLE KEYS */;
INSERT INTO `acme_role` VALUES (1,'Role Admin','ROLE_ADMIN'),(2,'User Admin','ROLE_ADMIN_USER'),(3,'Backup Admin','ROLE_ADMIN_BACKUPS');
/*!40000 ALTER TABLE `acme_role` ENABLE KEYS */;
UNLOCK TABLES;

--
-- Table structure for table `acommodationtype`
--

DROP TABLE IF EXISTS `acommodationtype`;
/*!40101 SET @saved_cs_client     = @@character_set_client */;
/*!40101 SET character_set_client = utf8 */;
CREATE TABLE `acommodationtype` (
  `id` int(11) NOT NULL AUTO_INCREMENT,
  `name` varchar(255) COLLATE utf8_unicode_ci NOT NULL,
  PRIMARY KEY (`id`),
  UNIQUE KEY `UNIQ_198CAD195E237E06` (`name`)
) ENGINE=InnoDB AUTO_INCREMENT=4 DEFAULT CHARSET=utf8 COLLATE=utf8_unicode_ci;
/*!40101 SET character_set_client = @saved_cs_client */;

--
-- Dumping data for table `acommodationtype`
--

LOCK TABLES `acommodationtype` WRITE;
/*!40000 ALTER TABLE `acommodationtype` DISABLE KEYS */;
INSERT INTO `acommodationtype` VALUES (2,'Renta de Apartamento'),(3,'Renta de Casa'),(1,'Renta de Habitacion');
/*!40000 ALTER TABLE `acommodationtype` ENABLE KEYS */;
UNLOCK TABLES;

--
-- Table structure for table `acommodationtype_translations`
--

DROP TABLE IF EXISTS `acommodationtype_translations`;
/*!40101 SET @saved_cs_client     = @@character_set_client */;
/*!40101 SET character_set_client = utf8 */;
CREATE TABLE `acommodationtype_translations` (
  `id` int(11) NOT NULL AUTO_INCREMENT,
  `object_id` int(11) DEFAULT NULL,
  `locale` varchar(8) COLLATE utf8_unicode_ci NOT NULL,
  `field` varchar(32) COLLATE utf8_unicode_ci NOT NULL,
  `content` longtext COLLATE utf8_unicode_ci,
  PRIMARY KEY (`id`),
  UNIQUE KEY `lookup_unique_idx` (`locale`,`object_id`,`field`),
  KEY `IDX_EF67AC90232D562B` (`object_id`),
  CONSTRAINT `FK_EF67AC90232D562B` FOREIGN KEY (`object_id`) REFERENCES `acommodationtype` (`id`) ON DELETE CASCADE
) ENGINE=InnoDB AUTO_INCREMENT=4 DEFAULT CHARSET=utf8 COLLATE=utf8_unicode_ci;
/*!40101 SET character_set_client = @saved_cs_client */;

--
-- Dumping data for table `acommodationtype_translations`
--

LOCK TABLES `acommodationtype_translations` WRITE;
/*!40000 ALTER TABLE `acommodationtype_translations` DISABLE KEYS */;
INSERT INTO `acommodationtype_translations` VALUES (1,1,'en','name','Room  for Rent'),(2,2,'en','name','Full Apartment Rent'),(3,3,'en','name','Full House Rent');
/*!40000 ALTER TABLE `acommodationtype_translations` ENABLE KEYS */;
UNLOCK TABLES;

--
-- Table structure for table `advertiser`
--

DROP TABLE IF EXISTS `advertiser`;
/*!40101 SET @saved_cs_client     = @@character_set_client */;
/*!40101 SET character_set_client = utf8 */;
CREATE TABLE `advertiser` (
  `id` int(11) NOT NULL AUTO_INCREMENT,
  `slug` varchar(255) COLLATE utf8_unicode_ci NOT NULL,
  `code` varchar(255) COLLATE utf8_unicode_ci NOT NULL,
  `name` varchar(255) COLLATE utf8_unicode_ci NOT NULL,
  `description` longtext COLLATE utf8_unicode_ci,
  `phones` varchar(255) COLLATE utf8_unicode_ci DEFAULT NULL,
  `email` varchar(255) COLLATE utf8_unicode_ci DEFAULT NULL,
  `website` varchar(255) COLLATE utf8_unicode_ci DEFAULT NULL,
  `facebook` varchar(255) COLLATE utf8_unicode_ci DEFAULT NULL,
  `tweeter` varchar(255) COLLATE utf8_unicode_ci DEFAULT NULL,
  `address` varchar(255) COLLATE utf8_unicode_ci DEFAULT NULL,
  `path` varchar(255) COLLATE utf8_unicode_ci DEFAULT NULL,
  PRIMARY KEY (`id`),
  UNIQUE KEY `UNIQ_9331277277153098` (`code`)
) ENGINE=InnoDB AUTO_INCREMENT=2 DEFAULT CHARSET=utf8 COLLATE=utf8_unicode_ci;
/*!40101 SET character_set_client = @saved_cs_client */;

--
-- Dumping data for table `advertiser`
--

LOCK TABLES `advertiser` WRITE;
/*!40000 ALTER TABLE `advertiser` DISABLE KEYS */;
INSERT INTO `advertiser` VALUES (1,'kenia-kenia-rent-cu','kenia_rent_cu','Kenia','<p><br></p>',NULL,NULL,NULL,NULL,NULL,NULL,NULL);
/*!40000 ALTER TABLE `advertiser` ENABLE KEYS */;
UNLOCK TABLES;

--
-- Table structure for table `applicant`
--

DROP TABLE IF EXISTS `applicant`;
/*!40101 SET @saved_cs_client     = @@character_set_client */;
/*!40101 SET character_set_client = utf8 */;
CREATE TABLE `applicant` (
  `id` int(11) NOT NULL AUTO_INCREMENT,
  `name` varchar(255) COLLATE utf8_unicode_ci NOT NULL,
  `email` varchar(255) COLLATE utf8_unicode_ci NOT NULL,
  `message` longtext COLLATE utf8_unicode_ci,
  PRIMARY KEY (`id`)
) ENGINE=InnoDB DEFAULT CHARSET=utf8 COLLATE=utf8_unicode_ci;
/*!40101 SET character_set_client = @saved_cs_client */;

--
-- Dumping data for table `applicant`
--

LOCK TABLES `applicant` WRITE;
/*!40000 ALTER TABLE `applicant` DISABLE KEYS */;
/*!40000 ALTER TABLE `applicant` ENABLE KEYS */;
UNLOCK TABLES;

--
-- Table structure for table `article`
--

DROP TABLE IF EXISTS `article`;
/*!40101 SET @saved_cs_client     = @@character_set_client */;
/*!40101 SET character_set_client = utf8 */;
CREATE TABLE `article` (
  `id` int(11) NOT NULL AUTO_INCREMENT,
  `category_id` int(11) DEFAULT NULL,
  `name` varchar(255) COLLATE utf8_unicode_ci NOT NULL,
  `slug` varchar(255) COLLATE utf8_unicode_ci NOT NULL,
  `created` datetime NOT NULL,
  `path` varchar(255) COLLATE utf8_unicode_ci DEFAULT NULL,
  `text` longtext COLLATE utf8_unicode_ci NOT NULL,
  `enabled` tinyint(1) DEFAULT NULL,
  `menu` int(11) DEFAULT NULL,
  PRIMARY KEY (`id`),
  KEY `IDX_23A0E6612469DE2` (`category_id`),
  CONSTRAINT `FK_23A0E6612469DE2` FOREIGN KEY (`category_id`) REFERENCES `category` (`id`)
) ENGINE=InnoDB DEFAULT CHARSET=utf8 COLLATE=utf8_unicode_ci;
/*!40101 SET character_set_client = @saved_cs_client */;

--
-- Dumping data for table `article`
--

LOCK TABLES `article` WRITE;
/*!40000 ALTER TABLE `article` DISABLE KEYS */;
/*!40000 ALTER TABLE `article` ENABLE KEYS */;
UNLOCK TABLES;

--
-- Table structure for table `article_translations`
--

DROP TABLE IF EXISTS `article_translations`;
/*!40101 SET @saved_cs_client     = @@character_set_client */;
/*!40101 SET character_set_client = utf8 */;
CREATE TABLE `article_translations` (
  `id` int(11) NOT NULL AUTO_INCREMENT,
  `object_id` int(11) DEFAULT NULL,
  `locale` varchar(8) COLLATE utf8_unicode_ci NOT NULL,
  `field` varchar(32) COLLATE utf8_unicode_ci NOT NULL,
  `content` longtext COLLATE utf8_unicode_ci,
  PRIMARY KEY (`id`),
  UNIQUE KEY `lookup_unique_idx` (`locale`,`object_id`,`field`),
  KEY `IDX_F07FD1D232D562B` (`object_id`),
  CONSTRAINT `FK_F07FD1D232D562B` FOREIGN KEY (`object_id`) REFERENCES `article` (`id`) ON DELETE CASCADE
) ENGINE=InnoDB DEFAULT CHARSET=utf8 COLLATE=utf8_unicode_ci;
/*!40101 SET character_set_client = @saved_cs_client */;

--
-- Dumping data for table `article_translations`
--

LOCK TABLES `article_translations` WRITE;
/*!40000 ALTER TABLE `article_translations` DISABLE KEYS */;
/*!40000 ALTER TABLE `article_translations` ENABLE KEYS */;
UNLOCK TABLES;

--
-- Table structure for table `category`
--

DROP TABLE IF EXISTS `category`;
/*!40101 SET @saved_cs_client     = @@character_set_client */;
/*!40101 SET character_set_client = utf8 */;
CREATE TABLE `category` (
  `id` int(11) NOT NULL AUTO_INCREMENT,
  `name` varchar(255) COLLATE utf8_unicode_ci NOT NULL,
  `alias` varchar(255) COLLATE utf8_unicode_ci NOT NULL,
  `path` varchar(255) COLLATE utf8_unicode_ci DEFAULT NULL,
  PRIMARY KEY (`id`)
) ENGINE=InnoDB DEFAULT CHARSET=utf8 COLLATE=utf8_unicode_ci;
/*!40101 SET character_set_client = @saved_cs_client */;

--
-- Dumping data for table `category`
--

LOCK TABLES `category` WRITE;
/*!40000 ALTER TABLE `category` DISABLE KEYS */;
/*!40000 ALTER TABLE `category` ENABLE KEYS */;
UNLOCK TABLES;

--
-- Table structure for table `category_translations`
--

DROP TABLE IF EXISTS `category_translations`;
/*!40101 SET @saved_cs_client     = @@character_set_client */;
/*!40101 SET character_set_client = utf8 */;
CREATE TABLE `category_translations` (
  `id` int(11) NOT NULL AUTO_INCREMENT,
  `object_id` int(11) DEFAULT NULL,
  `locale` varchar(8) COLLATE utf8_unicode_ci NOT NULL,
  `field` varchar(32) COLLATE utf8_unicode_ci NOT NULL,
  `content` longtext COLLATE utf8_unicode_ci,
  PRIMARY KEY (`id`),
  UNIQUE KEY `lookup_unique_idx` (`locale`,`object_id`,`field`),
  KEY `IDX_8BA8DCCD232D562B` (`object_id`),
  CONSTRAINT `FK_8BA8DCCD232D562B` FOREIGN KEY (`object_id`) REFERENCES `category` (`id`) ON DELETE CASCADE
) ENGINE=InnoDB DEFAULT CHARSET=utf8 COLLATE=utf8_unicode_ci;
/*!40101 SET character_set_client = @saved_cs_client */;

--
-- Dumping data for table `category_translations`
--

LOCK TABLES `category_translations` WRITE;
/*!40000 ALTER TABLE `category_translations` DISABLE KEYS */;
/*!40000 ALTER TABLE `category_translations` ENABLE KEYS */;
UNLOCK TABLES;

--
-- Table structure for table `commentvisitors`
--

DROP TABLE IF EXISTS `commentvisitors`;
/*!40101 SET @saved_cs_client     = @@character_set_client */;
/*!40101 SET character_set_client = utf8 */;
CREATE TABLE `commentvisitors` (
  `id` int(11) NOT NULL AUTO_INCREMENT,
  `client` varchar(255) COLLATE utf8_unicode_ci NOT NULL,
  `phone` varchar(255) COLLATE utf8_unicode_ci NOT NULL,
  `email` varchar(255) COLLATE utf8_unicode_ci NOT NULL,
  `comment` longtext COLLATE utf8_unicode_ci NOT NULL,
  `date` datetime NOT NULL,
  `readM` tinyint(1) NOT NULL,
  PRIMARY KEY (`id`)
) ENGINE=InnoDB DEFAULT CHARSET=utf8 COLLATE=utf8_unicode_ci;
/*!40101 SET character_set_client = @saved_cs_client */;

--
-- Dumping data for table `commentvisitors`
--

LOCK TABLES `commentvisitors` WRITE;
/*!40000 ALTER TABLE `commentvisitors` DISABLE KEYS */;
/*!40000 ALTER TABLE `commentvisitors` ENABLE KEYS */;
UNLOCK TABLES;

--
-- Table structure for table `contact`
--

DROP TABLE IF EXISTS `contact`;
/*!40101 SET @saved_cs_client     = @@character_set_client */;
/*!40101 SET character_set_client = utf8 */;
CREATE TABLE `contact` (
  `id` int(11) NOT NULL AUTO_INCREMENT,
  `email` varchar(255) COLLATE utf8_unicode_ci NOT NULL,
  `token` varchar(255) COLLATE utf8_unicode_ci NOT NULL,
  `enabled` tinyint(1) NOT NULL,
  PRIMARY KEY (`id`)
) ENGINE=InnoDB DEFAULT CHARSET=utf8 COLLATE=utf8_unicode_ci;
/*!40101 SET character_set_client = @saved_cs_client */;

--
-- Dumping data for table `contact`
--

LOCK TABLES `contact` WRITE;
/*!40000 ALTER TABLE `contact` DISABLE KEYS */;
/*!40000 ALTER TABLE `contact` ENABLE KEYS */;
UNLOCK TABLES;

--
-- Table structure for table `contactform`
--

DROP TABLE IF EXISTS `contactform`;
/*!40101 SET @saved_cs_client     = @@character_set_client */;
/*!40101 SET character_set_client = utf8 */;
CREATE TABLE `contactform` (
  `id` int(11) NOT NULL AUTO_INCREMENT,
  `homestay_id` int(11) NOT NULL,
  `name` varchar(255) COLLATE utf8_unicode_ci NOT NULL,
  `email` varchar(255) COLLATE utf8_unicode_ci NOT NULL,
  `phone` varchar(255) COLLATE utf8_unicode_ci NOT NULL,
  `message` longtext COLLATE utf8_unicode_ci,
  `fromdate` date NOT NULL,
  `todate` date NOT NULL,
  `active` tinyint(1) NOT NULL,
  PRIMARY KEY (`id`),
  KEY `IDX_E2D9858DF20D79E8` (`homestay_id`),
  CONSTRAINT `FK_E2D9858DF20D79E8` FOREIGN KEY (`homestay_id`) REFERENCES `homestay` (`id`)
) ENGINE=InnoDB DEFAULT CHARSET=utf8 COLLATE=utf8_unicode_ci;
/*!40101 SET character_set_client = @saved_cs_client */;

--
-- Dumping data for table `contactform`
--

LOCK TABLES `contactform` WRITE;
/*!40000 ALTER TABLE `contactform` DISABLE KEYS */;
/*!40000 ALTER TABLE `contactform` ENABLE KEYS */;
UNLOCK TABLES;

--
-- Table structure for table `contactform_translations`
--

DROP TABLE IF EXISTS `contactform_translations`;
/*!40101 SET @saved_cs_client     = @@character_set_client */;
/*!40101 SET character_set_client = utf8 */;
CREATE TABLE `contactform_translations` (
  `id` int(11) NOT NULL AUTO_INCREMENT,
  `object_id` int(11) DEFAULT NULL,
  `locale` varchar(8) COLLATE utf8_unicode_ci NOT NULL,
  `field` varchar(32) COLLATE utf8_unicode_ci NOT NULL,
  `content` longtext COLLATE utf8_unicode_ci,
  PRIMARY KEY (`id`),
  UNIQUE KEY `lookup_unique_idx` (`locale`,`object_id`,`field`),
  KEY `IDX_C4CBEEC5232D562B` (`object_id`),
  CONSTRAINT `FK_C4CBEEC5232D562B` FOREIGN KEY (`object_id`) REFERENCES `contactform` (`id`) ON DELETE CASCADE
) ENGINE=InnoDB DEFAULT CHARSET=utf8 COLLATE=utf8_unicode_ci;
/*!40101 SET character_set_client = @saved_cs_client */;

--
-- Dumping data for table `contactform_translations`
--

LOCK TABLES `contactform_translations` WRITE;
/*!40000 ALTER TABLE `contactform_translations` DISABLE KEYS */;
/*!40000 ALTER TABLE `contactform_translations` ENABLE KEYS */;
UNLOCK TABLES;

--
-- Table structure for table `contactus`
--

DROP TABLE IF EXISTS `contactus`;
/*!40101 SET @saved_cs_client     = @@character_set_client */;
/*!40101 SET character_set_client = utf8 */;
CREATE TABLE `contactus` (
  `id` int(11) NOT NULL AUTO_INCREMENT,
  `name` varchar(255) COLLATE utf8_unicode_ci NOT NULL,
  `email` varchar(255) COLLATE utf8_unicode_ci NOT NULL,
  `message` longtext COLLATE utf8_unicode_ci NOT NULL,
  PRIMARY KEY (`id`)
) ENGINE=InnoDB DEFAULT CHARSET=utf8 COLLATE=utf8_unicode_ci;
/*!40101 SET character_set_client = @saved_cs_client */;

--
-- Dumping data for table `contactus`
--

LOCK TABLES `contactus` WRITE;
/*!40000 ALTER TABLE `contactus` DISABLE KEYS */;
/*!40000 ALTER TABLE `contactus` ENABLE KEYS */;
UNLOCK TABLES;

--
-- Table structure for table `destination`
--

DROP TABLE IF EXISTS `destination`;
/*!40101 SET @saved_cs_client     = @@character_set_client */;
/*!40101 SET character_set_client = utf8 */;
CREATE TABLE `destination` (
  `id` int(11) NOT NULL AUTO_INCREMENT,
  `parent_id` int(11) DEFAULT NULL,
  `name` varchar(255) COLLATE utf8_unicode_ci NOT NULL,
  `latitude` double DEFAULT NULL,
  `longitude` double DEFAULT NULL,
  `enabled` tinyint(1) NOT NULL,
  PRIMARY KEY (`id`),
  KEY `IDX_3EC63EAA727ACA70` (`parent_id`),
  CONSTRAINT `FK_3EC63EAA727ACA70` FOREIGN KEY (`parent_id`) REFERENCES `destination` (`id`)
) ENGINE=InnoDB AUTO_INCREMENT=44 DEFAULT CHARSET=utf8 COLLATE=utf8_unicode_ci;
/*!40101 SET character_set_client = @saved_cs_client */;

--
-- Dumping data for table `destination`
--

LOCK TABLES `destination` WRITE;
/*!40000 ALTER TABLE `destination` DISABLE KEYS */;
INSERT INTO `destination` VALUES (1,1,'La Habana',NULL,NULL,1),(2,NULL,'Pinar del Rio',NULL,NULL,1),(3,NULL,'Villa Clara',NULL,NULL,1),(5,NULL,'Matanzas',NULL,NULL,1),(6,NULL,'Cienfuegos',NULL,NULL,1),(7,7,'Trinidad',NULL,NULL,1),(8,NULL,'Santiago de Cuba',NULL,NULL,1),(9,22,'Santa Lucia',NULL,NULL,1),(10,NULL,'Las Tunas',NULL,NULL,1),(11,NULL,'Holguin',NULL,NULL,1),(12,NULL,'Granma',NULL,NULL,1),(14,5,'Varadero',NULL,NULL,1),(15,20,'Cayo Largo',NULL,NULL,1),(16,34,'Cayo Coco',NULL,NULL,1),(17,NULL,'Cayo Guillermo',NULL,NULL,1),(18,NULL,'Cayo Santa Maria',NULL,NULL,1),(19,1,'La Habana Vieja',NULL,NULL,1),(20,NULL,'Isla de la Juventud',NULL,NULL,1),(21,NULL,'Baracoa- Guantanamo',NULL,NULL,1),(22,NULL,'Camaguey',NULL,NULL,1),(23,2,'Cayo Levisa',NULL,NULL,1),(24,NULL,'Peninsula de Zapata',NULL,NULL,1),(25,1,'Vedado',NULL,NULL,1),(26,2,'Viñales',NULL,NULL,1),(27,2,'Las Terrazas - Moka',NULL,NULL,1),(28,2,'Soroa',NULL,NULL,1),(29,1,'Miramar',NULL,NULL,1),(30,1,'Playas del Este',NULL,NULL,1),(31,7,'Santi spiritus',NULL,NULL,1),(32,22,'Camaguey Ciudad',NULL,NULL,1),(33,22,'Florida',NULL,NULL,1),(34,NULL,'Ciego de Avila',NULL,NULL,1),(35,34,'Moron',NULL,NULL,1),(36,6,'Playa Rancho Luna',NULL,NULL,1),(37,6,'Guajimico',NULL,NULL,1),(38,1,'Playas del Este- Guanabo',NULL,NULL,1),(39,1,'Nuevo Vedado',NULL,NULL,1),(40,1,'Centro Habana',NULL,NULL,1),(41,1,'Cojimar',NULL,NULL,1),(42,1,'Jibacoa',NULL,NULL,1),(43,8,'Bayamo',NULL,NULL,1);
/*!40000 ALTER TABLE `destination` ENABLE KEYS */;
UNLOCK TABLES;

--
-- Table structure for table `destination_translations`
--

DROP TABLE IF EXISTS `destination_translations`;
/*!40101 SET @saved_cs_client     = @@character_set_client */;
/*!40101 SET character_set_client = utf8 */;
CREATE TABLE `destination_translations` (
  `id` int(11) NOT NULL AUTO_INCREMENT,
  `object_id` int(11) DEFAULT NULL,
  `locale` varchar(8) COLLATE utf8_unicode_ci NOT NULL,
  `field` varchar(32) COLLATE utf8_unicode_ci NOT NULL,
  `content` longtext COLLATE utf8_unicode_ci,
  PRIMARY KEY (`id`),
  UNIQUE KEY `lookup_unique_idx` (`locale`,`object_id`,`field`),
  KEY `IDX_77990148232D562B` (`object_id`),
  CONSTRAINT `FK_77990148232D562B` FOREIGN KEY (`object_id`) REFERENCES `destination` (`id`) ON DELETE CASCADE
) ENGINE=InnoDB DEFAULT CHARSET=utf8 COLLATE=utf8_unicode_ci;
/*!40101 SET character_set_client = @saved_cs_client */;

--
-- Dumping data for table `destination_translations`
--

LOCK TABLES `destination_translations` WRITE;
/*!40000 ALTER TABLE `destination_translations` DISABLE KEYS */;
/*!40000 ALTER TABLE `destination_translations` ENABLE KEYS */;
UNLOCK TABLES;

--
-- Table structure for table `ext_translations`
--

DROP TABLE IF EXISTS `ext_translations`;
/*!40101 SET @saved_cs_client     = @@character_set_client */;
/*!40101 SET character_set_client = utf8 */;
CREATE TABLE `ext_translations` (
  `id` int(11) NOT NULL AUTO_INCREMENT,
  `locale` varchar(8) COLLATE utf8_unicode_ci NOT NULL,
  `object_class` varchar(255) COLLATE utf8_unicode_ci NOT NULL,
  `field` varchar(32) COLLATE utf8_unicode_ci NOT NULL,
  `foreign_key` varchar(64) COLLATE utf8_unicode_ci NOT NULL,
  `content` longtext COLLATE utf8_unicode_ci,
  PRIMARY KEY (`id`),
  UNIQUE KEY `lookup_unique_idx` (`locale`,`object_class`,`field`,`foreign_key`),
  KEY `translations_lookup_idx` (`locale`,`object_class`,`foreign_key`)
) ENGINE=InnoDB DEFAULT CHARSET=utf8 COLLATE=utf8_unicode_ci;
/*!40101 SET character_set_client = @saved_cs_client */;

--
-- Dumping data for table `ext_translations`
--

LOCK TABLES `ext_translations` WRITE;
/*!40000 ALTER TABLE `ext_translations` DISABLE KEYS */;
/*!40000 ALTER TABLE `ext_translations` ENABLE KEYS */;
UNLOCK TABLES;

--
-- Table structure for table `externallink`
--

DROP TABLE IF EXISTS `externallink`;
/*!40101 SET @saved_cs_client     = @@character_set_client */;
/*!40101 SET character_set_client = utf8 */;
CREATE TABLE `externallink` (
  `id` int(11) NOT NULL AUTO_INCREMENT,
  `url` varchar(255) COLLATE utf8_unicode_ci NOT NULL,
  `name` varchar(255) COLLATE utf8_unicode_ci NOT NULL,
  `norder` int(11) NOT NULL,
  PRIMARY KEY (`id`)
) ENGINE=InnoDB AUTO_INCREMENT=3 DEFAULT CHARSET=utf8 COLLATE=utf8_unicode_ci;
/*!40101 SET character_set_client = @saved_cs_client */;

--
-- Dumping data for table `externallink`
--

LOCK TABLES `externallink` WRITE;
/*!40000 ALTER TABLE `externallink` DISABLE KEYS */;
INSERT INTO `externallink` VALUES (1,'http://havanacity.com','Havana City',1),(2,'http://www.tripadvisor.com','Trip Advisor',2);
/*!40000 ALTER TABLE `externallink` ENABLE KEYS */;
UNLOCK TABLES;

--
-- Table structure for table `externallink_translations`
--

DROP TABLE IF EXISTS `externallink_translations`;
/*!40101 SET @saved_cs_client     = @@character_set_client */;
/*!40101 SET character_set_client = utf8 */;
CREATE TABLE `externallink_translations` (
  `id` int(11) NOT NULL AUTO_INCREMENT,
  `object_id` int(11) DEFAULT NULL,
  `locale` varchar(8) COLLATE utf8_unicode_ci NOT NULL,
  `field` varchar(32) COLLATE utf8_unicode_ci NOT NULL,
  `content` longtext COLLATE utf8_unicode_ci,
  PRIMARY KEY (`id`),
  UNIQUE KEY `lookup_unique_idx` (`locale`,`object_id`,`field`),
  KEY `IDX_8691F2A4232D562B` (`object_id`),
  CONSTRAINT `FK_8691F2A4232D562B` FOREIGN KEY (`object_id`) REFERENCES `externallink` (`id`) ON DELETE CASCADE
) ENGINE=InnoDB AUTO_INCREMENT=3 DEFAULT CHARSET=utf8 COLLATE=utf8_unicode_ci;
/*!40101 SET character_set_client = @saved_cs_client */;

--
-- Dumping data for table `externallink_translations`
--

LOCK TABLES `externallink_translations` WRITE;
/*!40000 ALTER TABLE `externallink_translations` DISABLE KEYS */;
INSERT INTO `externallink_translations` VALUES (1,1,'en','name','Havana City'),(2,2,'en','name','Trip Advisor');
/*!40000 ALTER TABLE `externallink_translations` ENABLE KEYS */;
UNLOCK TABLES;

--
-- Table structure for table `gallery_image`
--

DROP TABLE IF EXISTS `gallery_image`;
/*!40101 SET @saved_cs_client     = @@character_set_client */;
/*!40101 SET character_set_client = utf8 */;
CREATE TABLE `gallery_image` (
  `id` int(11) NOT NULL AUTO_INCREMENT,
  `path` varchar(255) COLLATE utf8_unicode_ci NOT NULL,
  `owner` varchar(255) COLLATE utf8_unicode_ci NOT NULL,
  PRIMARY KEY (`id`)
) ENGINE=InnoDB AUTO_INCREMENT=2153 DEFAULT CHARSET=utf8 COLLATE=utf8_unicode_ci;
/*!40101 SET character_set_client = @saved_cs_client */;

--
-- Dumping data for table `gallery_image`
--

LOCK TABLES `gallery_image` WRITE;
/*!40000 ALTER TABLE `gallery_image` DISABLE KEYS */;
INSERT INTO `gallery_image` VALUES (85,'543b1c8178c8a.jpeg','homestay_2'),(86,'543b1c867f5ab.jpeg','homestay_2'),(87,'543b1c9014920.jpeg','homestay_2'),(88,'543b1c97e1da9.jpeg','homestay_2'),(241,'543e548106dba.jpeg','homestay_40'),(242,'543e54810e0b2.jpeg','homestay_40'),(243,'543e548315fb7.jpeg','homestay_40'),(244,'543e54832966c.jpeg','homestay_40'),(245,'543e548536ca7.jpeg','homestay_40'),(246,'543e548563db9.jpeg','homestay_40'),(247,'543e548792179.jpeg','homestay_40'),(248,'543e5487d9b5c.jpeg','homestay_40'),(249,'543e548972500.jpeg','homestay_40'),(388,'54438a79e0809.jpeg','homestay_86'),(389,'54438a7c08f27.jpeg','homestay_86'),(390,'54438a7c0c9e0.jpeg','homestay_86'),(391,'54438a7f7abcb.jpeg','homestay_86'),(392,'54438a7f88ff8.jpeg','homestay_86'),(393,'54438a81dfa48.jpeg','homestay_86'),(394,'54438a81f023e.jpeg','homestay_86'),(395,'54438a8434361.jpeg','homestay_86'),(396,'54438a848dfd1.jpeg','homestay_86'),(397,'54438a86b1c5f.jpeg','homestay_86'),(398,'54438a8766a7b.jpeg','homestay_86'),(399,'54438abc3c2a7.jpeg','homestay_86'),(401,'5444438f6318e.jpeg','homestay_26'),(402,'5445b58514768.jpeg','homestay_2'),(403,'544624f3ad33d.jpeg','homestay_72'),(404,'544624f900e38.jpeg','homestay_72'),(405,'544624fb51db2.jpeg','homestay_72'),(406,'544624fd01898.jpeg','homestay_72'),(1491,'544d0f3dac3f7.jpeg','homestay_32'),(1492,'544d0f40a19f9.jpeg','homestay_32'),(1493,'544d0f488908f.jpeg','homestay_32'),(1494,'544d0f488e16f.jpeg','homestay_32'),(1495,'544d0f4e81ec5.jpeg','homestay_32'),(1496,'544d0f4e8d495.jpeg','homestay_32'),(1498,'544d14f796ae3.jpeg','homestay_125'),(1499,'544d14f7bfc76.jpeg','homestay_125'),(1500,'544d14fae0537.jpeg','homestay_125'),(1502,'544d1501d4dc9.jpeg','homestay_125'),(1503,'544d150f69d30.jpeg','homestay_125'),(1504,'544d150fa2a81.jpeg','homestay_125'),(1505,'544d15112606c.jpeg','homestay_125'),(1506,'544d15115a2c8.jpeg','homestay_125'),(1507,'544d1b721c2a3.jpeg','homestay_126'),(1508,'544d1b73bde83.jpeg','homestay_126'),(1509,'544d1b7782697.jpeg','homestay_126'),(1510,'544d1b801e78b.jpeg','homestay_126'),(1511,'544d1b80ac475.jpeg','homestay_126'),(1512,'544d1b8278c43.jpeg','homestay_126'),(1513,'544d27c72464e.gif','homestay_129'),(1514,'544d27cb049bc.gif','homestay_129'),(1515,'544d27cb6f926.gif','homestay_129'),(1517,'544d2983841ec.jpeg','homestay_71'),(1518,'544d29838f7d8.jpeg','homestay_71'),(1519,'544d298a196d4.jpeg','homestay_71'),(1520,'544d298a3af35.jpeg','homestay_71'),(1521,'544d298dc2a58.jpeg','homestay_71'),(1522,'544d2d7652ee6.jpeg','homestay_130'),(1523,'544d2d77adf83.jpeg','homestay_130'),(1524,'544d2d79c3922.jpeg','homestay_130'),(1525,'544d2d801a40e.jpeg','homestay_130'),(1526,'544d2d814bef2.jpeg','homestay_130'),(1527,'544d2d847fd8c.jpeg','homestay_130'),(1528,'544d2d8706e2e.jpeg','homestay_130'),(1529,'544d2d89691df.jpeg','homestay_130'),(1530,'544d2d8a948ac.jpeg','homestay_130'),(1690,'545967687b009.jpeg','homestay_131'),(1691,'545968429e425.jpeg','homestay_131'),(1692,'545c2bc55c503.jpeg','homestay_132'),(1693,'545c2bc56238c.jpeg','homestay_132'),(1694,'545c2bc621363.jpeg','homestay_132'),(1695,'545c2bc629b02.jpeg','homestay_132'),(1696,'545c2bc6cc6be.jpeg','homestay_132'),(1697,'545c2bc6defce.jpeg','homestay_132'),(1698,'545c30238e53a.jpeg','homestay_133'),(1699,'545c30239bf02.jpeg','homestay_133'),(1700,'545c302448402.jpeg','homestay_133'),(1701,'545c302454ebd.jpeg','homestay_133'),(1702,'545c36f6749ea.jpeg','homestay_2'),(1703,'545c36f689d1f.jpeg','homestay_2'),(1704,'545c36f7351ce.jpeg','homestay_2'),(1705,'545c36f74363e.jpeg','homestay_2'),(1706,'545c36f7d53b5.jpeg','homestay_2'),(1707,'545c3ca3c4682.jpeg','homestay_135'),(1708,'545c3ca3cb2fe.jpeg','homestay_135'),(1709,'545c3ca481fc3.jpeg','homestay_135'),(1710,'545c3ca48933d.jpeg','homestay_135'),(1711,'545c415bc37ce.jpeg','homestay_128'),(1712,'545c415bcc23e.jpeg','homestay_128'),(1713,'545c415c79716.jpeg','homestay_128'),(1714,'545c415c8b297.jpeg','homestay_128'),(1715,'545c415d2f28c.jpeg','homestay_128'),(1716,'545c415d3a751.jpeg','homestay_128'),(1717,'545c415dc9476.jpeg','homestay_128'),(1733,'545d4d331a3f5.jpeg','homestay_138'),(1734,'545d4d33285e6.jpeg','homestay_138'),(1735,'545d4d3437cd6.jpeg','homestay_138'),(1736,'545d4d344c214.jpeg','homestay_138'),(1737,'545d51da335ea.jpeg','homestay_139'),(1738,'545d59f05edbc.jpeg','homestay_143'),(1739,'545d59f076f8d.jpeg','homestay_143'),(1740,'545d59f19fc15.jpeg','homestay_143'),(1741,'545d59f1c5a99.jpeg','homestay_143'),(1742,'545d5cd01e926.jpeg','homestay_131'),(1743,'545d5cd02c939.jpeg','homestay_131'),(1744,'545d5cd0ea6ba.jpeg','homestay_131'),(1745,'545d5cd0eda81.jpeg','homestay_131'),(1746,'545d5cd1a874c.jpeg','homestay_131'),(1747,'545d5cd1ba0c7.jpeg','homestay_131'),(1748,'545d5cd26484c.jpeg','homestay_131'),(1749,'545d5cd28b298.jpeg','homestay_131'),(1750,'545d5f3e698b6.jpeg','homestay_144'),(1751,'545d5f3edb680.jpeg','homestay_144'),(1752,'545d5f3f39b0d.jpeg','homestay_144'),(1753,'545d6d2dc26f8.jpeg','homestay_147'),(1755,'545d6d2e8d403.jpeg','homestay_147'),(1756,'545d6ead57859.jpeg','homestay_148'),(1757,'545d6ead6203b.jpeg','homestay_148'),(1758,'545d6eae1754f.jpeg','homestay_148'),(1759,'545d74acaf08a.jpeg','homestay_150'),(1760,'545d74accc8a5.jpeg','homestay_150'),(1761,'545d74adb9ecc.jpeg','homestay_150'),(1762,'545d74ae2a86f.jpeg','homestay_150'),(1763,'545d74ae90975.jpeg','homestay_150'),(1764,'545d7715bbaee.jpeg','homestay_151'),(1765,'545d7715d1bed.jpeg','homestay_151'),(1766,'545d771aad75e.jpeg','homestay_151'),(1767,'545d771adb6cd.jpeg','homestay_151'),(1768,'545d771e185a0.jpeg','homestay_151'),(1769,'545d771e278e3.jpeg','homestay_151'),(1770,'545d772042fcc.jpeg','homestay_151'),(1771,'545d77207cd81.jpeg','homestay_151'),(1772,'545d79084b94d.jpeg','homestay_152'),(1773,'545d79085fc8e.jpeg','homestay_152'),(1774,'545d790987a23.jpeg','homestay_152'),(1775,'545d790993098.jpeg','homestay_152'),(1776,'545d790a43b0e.jpeg','homestay_152'),(1777,'545d7ff6d9ef4.jpeg','homestay_155'),(1778,'545d7ff6e3a5e.jpeg','homestay_155'),(1795,'545ed7a56608b.jpeg','homestay_176'),(1796,'545ed7a581d7e.jpeg','homestay_176'),(1797,'545ed7a69814e.jpeg','homestay_176'),(1798,'545ed7a6ed3db.jpeg','homestay_176'),(1799,'545ed7a76e589.jpeg','homestay_176'),(1801,'545ed90310dd1.jpeg','homestay_175'),(1802,'545ed90447b14.jpeg','homestay_175'),(1803,'545ed9043ca20.jpeg','homestay_175'),(1804,'545edaea33f7a.jpeg','homestay_177'),(1805,'545edaea73060.jpeg','homestay_177'),(1806,'545edaeb74831.jpeg','homestay_177'),(1807,'545edaeb7bc9d.jpeg','homestay_177'),(1808,'545edaec86d4c.jpeg','homestay_177'),(1809,'545ee4cb27c9b.jpeg','homestay_181'),(1810,'545ee4cb3ecf1.jpeg','homestay_181'),(1811,'545ee4cbce230.jpeg','homestay_181'),(1812,'545eea7dd2ede.jpeg','homestay_185'),(1813,'545eea7e0454b.jpeg','homestay_185'),(1814,'545eea7ebbf47.jpeg','homestay_185'),(1815,'546131cf6df65.jpeg','homestay_192'),(1816,'546131cf838f6.jpeg','homestay_192'),(1817,'546131d03d257.jpeg','homestay_192'),(1818,'546138d97d82f.jpeg','homestay_195'),(1819,'546138d99ffd2.jpeg','homestay_195'),(1820,'54613df858dc2.jpeg','homestay_198'),(1821,'546149a47cad2.jpeg','homestay_204'),(1909,'546ac1398ab6f.jpeg','homestay_283'),(1910,'546ac1399214e.jpeg','homestay_283'),(1911,'546ac13a83f49.jpeg','homestay_283'),(1912,'546ac13a98cd0.jpeg','homestay_283'),(1913,'546ac13b56549.jpeg','homestay_283'),(1914,'546ac387d9d43.jpeg','homestay_284'),(1915,'546ac387e5d9c.jpeg','homestay_284'),(1916,'546ac388d335e.jpeg','homestay_284'),(1917,'546ac389032c5.jpeg','homestay_284'),(1918,'546ac389d488b.jpeg','homestay_284'),(1919,'546ac389d6551.jpeg','homestay_284'),(1920,'546ac38aaf190.jpeg','homestay_284'),(1921,'546ac50547e9a.jpeg','homestay_211'),(1922,'546ac50556a4c.jpeg','homestay_211'),(1923,'546ac506196f0.jpeg','homestay_211'),(1924,'546ac5061f59f.jpeg','homestay_211'),(1925,'546ac55ad306c.jpeg','homestay_210'),(1926,'546ac55ad6ba4.jpeg','homestay_210'),(1927,'546ac55bb6a89.jpeg','homestay_210'),(1928,'546ac55b9f6a8.jpeg','homestay_210'),(1930,'546ac67066361.jpeg','homestay_25'),(1931,'546ac6706513c.jpeg','homestay_25'),(1932,'546ac671624e5.jpeg','homestay_25'),(1933,'546ac6717206a.jpeg','homestay_25'),(1934,'546bb60d4ffee.jpeg','homestay_285'),(1935,'546bb60d4ce0f.jpeg','homestay_285'),(1936,'546bb6136bade.jpeg','homestay_285'),(1937,'546bb61370a54.jpeg','homestay_285'),(1938,'546bb6144723d.jpeg','homestay_285'),(1939,'546bb614490bb.jpeg','homestay_285'),(1940,'546bb6158b5d5.jpeg','homestay_285'),(1941,'546bb615a328a.jpeg','homestay_285'),(1942,'546bce690053d.jpeg','homestay_230'),(1943,'546bce6906f71.jpeg','homestay_230'),(1944,'546bce69dfc03.jpeg','homestay_230'),(1945,'546bce69e5b6f.jpeg','homestay_230'),(1946,'546bce6ac400e.jpeg','homestay_230'),(1947,'546bce6acf5aa.jpeg','homestay_230'),(1948,'546bce6b93a4b.jpeg','homestay_230'),(1949,'546bce6baf882.jpeg','homestay_230'),(1950,'546bce6c482bd.jpeg','homestay_230'),(1951,'546bce6c6a494.jpeg','homestay_230'),(1952,'546bce6d19e8a.jpeg','homestay_230'),(1953,'546bce6d33930.jpeg','homestay_230'),(1954,'546bce6dc6d4c.jpeg','homestay_230'),(1955,'546bce6df2dd9.jpeg','homestay_230'),(2028,'54794c0908384.jpeg','homestay_342'),(2029,'54794c40e548f.jpeg','homestay_342'),(2030,'54794c40eac1c.jpeg','homestay_342'),(2031,'54794c4243912.jpeg','homestay_342'),(2032,'54794c4258273.jpeg','homestay_342'),(2033,'54794c434b0e0.jpeg','homestay_342'),(2034,'54794c435b649.jpeg','homestay_342'),(2035,'54794c4430c0c.jpeg','homestay_342'),(2036,'54794c44264c2.jpeg','homestay_342'),(2037,'54794c45231fc.jpeg','homestay_342'),(2038,'54794c452a50b.jpeg','homestay_342'),(2039,'54794c4647988.jpeg','homestay_342'),(2040,'54794c4639236.jpeg','homestay_342'),(2041,'54794c473947f.jpeg','homestay_342'),(2042,'54794c4740ae8.jpeg','homestay_342'),(2043,'54794c484618d.jpeg','homestay_342'),(2044,'54794c4841eb7.jpeg','homestay_342'),(2045,'54794c4943d03.jpeg','homestay_342'),(2047,'547e44970b791.jpeg','homestay_254'),(2048,'547e4497ad5c9.jpeg','homestay_254'),(2049,'547e4497ad2c5.jpeg','homestay_254'),(2050,'547e44984b4ce.jpeg','homestay_254'),(2051,'547e449854b0d.jpeg','homestay_254'),(2052,'547e4498d3060.jpeg','homestay_254'),(2053,'547e4498e5921.jpeg','homestay_254'),(2054,'547e44996dd6d.jpeg','homestay_254'),(2055,'547e44997d53a.jpeg','homestay_254'),(2056,'547e7aeaec32b.jpeg','homestay_434'),(2058,'547e7aeb9ad9f.jpeg','homestay_434'),(2059,'547e7aeba9555.jpeg','homestay_434'),(2060,'547e7aec28f43.jpeg','homestay_434'),(2061,'547e7dce8bafd.jpeg','homestay_433'),(2062,'547e7dcf1f12a.jpeg','homestay_433'),(2063,'547e7dcf2b639.jpeg','homestay_433'),(2064,'547e7dcfa8d18.jpeg','homestay_433'),(2065,'547e7dcfb61de.jpeg','homestay_433'),(2066,'547e7dd03b58e.jpeg','homestay_433'),(2067,'548d62fa23d53.jpeg','homestay_159'),(2069,'548d62fb9d2f4.jpeg','homestay_159'),(2070,'548d62fbbf116.jpeg','homestay_159'),(2071,'548d62fcec7be.jpeg','homestay_159'),(2072,'548d62fd27433.jpeg','homestay_159'),(2073,'548d62fe37bf3.jpeg','homestay_159'),(2074,'548d62fe91633.jpeg','homestay_159'),(2075,'548d62ff5631c.jpeg','homestay_159'),(2076,'548d63680069f.jpeg','homestay_159'),(2077,'548d63719b630.jpeg','homestay_159'),(2078,'54935dfa961bb.jpeg','homestay_182'),(2080,'54935dfb53b15.jpeg','homestay_182'),(2081,'54935dfb5bb4c.jpeg','homestay_182'),(2082,'54935dfc05a53.jpeg','homestay_182'),(2083,'54935e55b6a60.jpeg','homestay_343'),(2084,'54935e55b677d.jpeg','homestay_343'),(2085,'54935e5811ba4.jpeg','homestay_343'),(2086,'54935e581752a.jpeg','homestay_343'),(2087,'54935e591444a.jpeg','homestay_343'),(2088,'54935f444710d.jpeg','homestay_428'),(2089,'54935f44505b1.jpeg','homestay_428'),(2090,'54935f44ed485.jpeg','homestay_428'),(2091,'54935f44f179e.jpeg','homestay_428'),(2092,'54935f459f3c9.jpeg','homestay_428'),(2093,'54935f45a06f0.jpeg','homestay_428'),(2094,'54935f4639840.jpeg','homestay_428'),(2095,'54935f4649643.jpeg','homestay_428'),(2097,'54935f8b80adc.jpeg','homestay_44'),(2098,'54935f8c20193.jpeg','homestay_44'),(2146,'54940ece25a37.jpeg','homestay_136'),(2148,'54940ef262f68.jpeg','homestay_136'),(2149,'54940ef2968af.jpeg','homestay_136'),(2150,'54940ef3ea56f.jpeg','homestay_136'),(2151,'54940ef6bd0c9.jpeg','homestay_136'),(2152,'54940ef6cc015.jpeg','homestay_136');
/*!40000 ALTER TABLE `gallery_image` ENABLE KEYS */;
UNLOCK TABLES;

--
-- Table structure for table `homestay`
--

DROP TABLE IF EXISTS `homestay`;
/*!40101 SET @saved_cs_client     = @@character_set_client */;
/*!40101 SET character_set_client = utf8 */;
CREATE TABLE `homestay` (
  `id` int(11) NOT NULL AUTO_INCREMENT,
  `acommodation_id` int(11) DEFAULT NULL,
  `municipality_id` int(11) DEFAULT NULL,
  `advertiser_id` int(11) NOT NULL,
  `slug` varchar(255) COLLATE utf8_unicode_ci NOT NULL,
  `name` varchar(255) COLLATE utf8_unicode_ci NOT NULL,
  `description` longtext COLLATE utf8_unicode_ci NOT NULL,
  `owner` varchar(255) COLLATE utf8_unicode_ci NOT NULL,
  `address` varchar(255) COLLATE utf8_unicode_ci DEFAULT NULL,
  `phones` varchar(255) COLLATE utf8_unicode_ci DEFAULT NULL,
  `email` varchar(255) COLLATE utf8_unicode_ci DEFAULT NULL,
  `rooms` int(11) NOT NULL,
  `price` double DEFAULT NULL,
  `breakfastprice` double DEFAULT NULL,
  `bedprice` double DEFAULT NULL,
  `bedchildprice` double DEFAULT NULL,
  `latitude` double DEFAULT NULL,
  `longitude` double DEFAULT NULL,
  `enabled` tinyint(1) NOT NULL,
  `showcontact` tinyint(1) NOT NULL,
  `meta_title` varchar(255) COLLATE utf8_unicode_ci DEFAULT NULL,
  `meta_description` varchar(255) COLLATE utf8_unicode_ci DEFAULT NULL,
  `meta_keywords` varchar(255) COLLATE utf8_unicode_ci DEFAULT NULL,
  `path` varchar(255) COLLATE utf8_unicode_ci DEFAULT NULL,
  PRIMARY KEY (`id`),
  UNIQUE KEY `UNIQ_8127E0525E237E06` (`name`),
  UNIQUE KEY `UNIQ_8127E052E7927C74` (`email`),
  KEY `IDX_8127E0528BF177F8` (`acommodation_id`),
  KEY `IDX_8127E052AE6F181C` (`municipality_id`),
  KEY `IDX_8127E052BA2FCBC2` (`advertiser_id`),
  CONSTRAINT `FK_8127E0528BF177F8` FOREIGN KEY (`acommodation_id`) REFERENCES `acommodationtype` (`id`) ON DELETE SET NULL,
  CONSTRAINT `FK_8127E052AE6F181C` FOREIGN KEY (`municipality_id`) REFERENCES `municipality` (`id`),
  CONSTRAINT `FK_8127E052BA2FCBC2` FOREIGN KEY (`advertiser_id`) REFERENCES `advertiser` (`id`)
) ENGINE=InnoDB AUTO_INCREMENT=437 DEFAULT CHARSET=utf8 COLLATE=utf8_unicode_ci;
/*!40101 SET character_set_client = @saved_cs_client */;

--
-- Dumping data for table `homestay`
--

LOCK TABLES `homestay` WRITE;
/*!40000 ALTER TABLE `homestay` DISABLE KEYS */;
INSERT INTO `homestay` VALUES (1,1,19,1,'casa-dona-elena','Casa Doña Elena','Espectacularmente ubicada, directamente en la Plaza Vieja , en el corazon de la Habana Vieja , desde donde podra ir andando a todas las plazas que hacen de  La Habana Vieja \r\nun lugar único en Cuba.Con comfort modesto pero reuniendo todos los \r\nrequisitos necesarios para una exelente estancia en familia . Consta de dos habitaciones,   con cama camera y una adicionalmente  con cama  individual mas baño privado. <br><br>','Roberto Márquez','calle Mecaderes 313 apto 3  ( bajos) e/ Teniente Rey y Muralla. Habana Vieja','(53) (7)  867 8838  		celular  (5) 334 318',NULL,2,NULL,5,5,NULL,NULL,NULL,0,0,NULL,NULL,NULL,'545d3d35a6ec8.jpeg'),(2,1,19,1,'casa-belen-1850','Casa Belen 1850','<p>Somos una casa de renta ubicada en la Habana Vieja,  muy cerca de la Plaza Vieja. Nuestra instalación es una espaciosa casa colonial construida en la segunda mitad del siglo XIX, que ha sido restaurada y <br>decorada al estilo colonial con muebles de la época. Estamos a solo unos pasos de distancia de los principales sitios históricos y turísticos del Centro Histórico de la Habana Vieja, como lo son las plazas y fortificaciones construidas a partir del siglo XVI, palacetes coloniales, restaurantes, galerías de arte, instituciones culturales y la famosa Calle Obispo. Todo esto nos convierte en un destino ideal para aquellos viajeros que desean admirar y disfrutar los encantos de la ciudad vieja y de la rica vida cultural de nuestra capital. Contamos con cinco habitaciones climatizadas cada una con baño privado y agua fría y caliente. Además, tenemos balcón a la calle, dos salas, terraza, comedor y cocina. Agradable estancia colonial, lugar único para compaginar placer y descanso en un precioso enclave histórico.<br><br></p>','Ileana de los Angeles Martínez. Neil Isla (Administrador)','San Ignacio No. 506 e/ Santa Clara y Luz','(53) (7) 8610792','casabelen1850@gmail.com',5,NULL,5,5,5,NULL,NULL,1,0,NULL,NULL,NULL,'545c35484d821.jpeg'),(3,1,19,1,'casa-telefonica','Casa Telefónica','Consta de dos habitaciones, con  Aire Acondicionado, baño privado, agua fría y caliente, televisor, ventilador, mini bar  .\r\nUna de las habitaciones tiene dos camas individuales. (Dos personas)\r\nLa otra habitación tiene una cama camera y una individual. (Un matrimonio con un niño)\r\nDesde esta casa se realizó la primera llamada local telefónica en lengua española en Ibero América (en la fachada existe una placa conmemorativa)','Daisy Juantorena Alvarez  y  Rodolfo Cobas Avivar','Amargura    numero   110-A ,  e/   Cuba y San Ignacio','(53) (7) 8662762   celular (53) (5) 2958775 - 2831402','Rodolfo_daysi@yahoo.com',2,NULL,5,5,5,NULL,NULL,1,0,NULL,NULL,NULL,NULL),(4,1,25,1,'deysi-home','Deysi Home','Apto con 2 habitaciones con baño privado, terrazas, climatizado, TV, refrigerador. Cerca del Hotel Habana Libre, vista al Malecon de La Habana. ...','Deysi Artola License:	3385','P 107 apto 3 entre Humbolt e Infanta','Phone:	8362978 Mobile:	52920669','deysi.artola@yahoo.es',2,NULL,5,5,NULL,NULL,NULL,0,0,NULL,NULL,NULL,NULL),(5,1,25,1,'casas-joyadi-cerca-del-mar','Casas Joyadi, cerca del mar','En La Habana, cerca del mar. DOS CONFORTABLES APARTAMENTOS Para disfrutar de una temporada de vacaciones en Cuba, Perla de las Antillas y cuna del son y del ron. Le recomiendo las Casas Joyadi. Bien cerquita del mar donde tendrá la oportunidad de ser huésped de J.A. profesor del Instituto Superior de Arte de Cuba y Director de HABANA SAX uno de los grupos de Jazz cubano más destacados .','Yadira Celestrin Suarez  License: 3531','Calle 10 No. 36 bajos e/ 1ra y 3ra Vedado',NULL,'casajoyadi@gmail.com',3,NULL,5,5,NULL,NULL,NULL,1,0,NULL,NULL,NULL,'544625c3d2e97.jpeg'),(6,1,25,1,'casa-tony','Casa Tony','Bonito apartamento situado en una zona turística, llena de espacio y muy limpio; cerca del Melia Cohiba y Riviera Hoteles, Malecón, Centro Vasco, Jazz Café, La Habana Café, Teatro Nacional, con dos habitaciones con aire acondicionado y baños con agua caliente / fría, uno de los baños tiene bañera, sala de estar, comedor habitación, y garaje. Las comidas están disponibles (costo adicional), servicio de lavandería, también servicio de recogida.','Tony Verdecia License:	635/04','Calzada #856 entre 4 y 6, Apto 3. Vedado, Ciudad de La Habana, Cuba.',NULL,'casa.tony.havana@gmail.com',2,NULL,5,5,NULL,NULL,NULL,0,0,NULL,NULL,NULL,'544627ab678bd.jpeg'),(7,1,25,1,'casa-solano','Casa Solano','Casa independiente en altos. Posee dos habitaciones, sala, cocina. <br>','Mayra Solano Garcia License:	89','Calle 24 No.311 e/ 19 y 21 Plaza.',NULL,'mayra@eahch.hidro.cu',2,NULL,5,5,NULL,NULL,NULL,0,0,NULL,NULL,NULL,'544626cccb38e.jpeg'),(8,1,25,1,'casa-petronila','Casa Petronila','La casa de alquiler de Petronila es un apartamento en el primer piso con dos habitaciones para alquilar. Esta  ubicada en “El Vedado” muy cerca de la Calle 23, una de las principales calles de La Habana y desde es fácil acceder  a cualquier lugar de La Habana. Las habitaciones son amplias, confortables, limpias y seguras. La casa de alquiler  de Petronila ofrece excelente alojamiento durante todo el año.<br>','Petronila Garcia Valdivia','Calle 20 #272 Apto. 6 entre 17 & 19',NULL,'waldoantonio2003@yahoo.es',2,NULL,5,5,NULL,NULL,NULL,0,0,NULL,NULL,NULL,'5446276606ae6.jpeg'),(9,1,25,1,'casa-particular-el-encanto','Casa particular El Encanto','Oportunidad única de conocer a una familia típica cubana, el alquiler de una habitación con dos camas, una nevera, aire acondicionado (a / c), TV / vídeo, cuarto de baño privado con ducha de agua caliente, y que comparten la empresa de amistoso japonés, Inglés.<br>','Galia M. Hernández License:523','27 street number 1003 apartment 8, between 8 and 10. Vedado.',NULL,'galiarenta@gmail.com',1,NULL,5,5,NULL,NULL,NULL,0,0,NULL,NULL,NULL,NULL),(10,1,25,1,'casa-marta','Casa Marta','La mejor casa en la Habana !! Marta es una mujer cubana animada, humorística y el cuidado que siempre quiere lo mejor para sus huéspedes. Ella es una cocinera que prepara los mejores platos cubanos y pone su alma en cada comida, siempre con un toque extra. La habitación tiene aire acondicionado, una cama doble con sábanas y toallas limpias, armario y espejo.<br>','Marta Ravelo Serrat','Calle 23 #420 e/ J e I, Vedado, La Habana',NULL,'birmagod@yahoo.no',1,NULL,5,5,NULL,NULL,NULL,0,0,NULL,NULL,NULL,NULL),(11,1,25,1,'casa-luisa','Casa Luisa','Se renta Apartamento independiente y muy confortable por 25 cuc por noche, muy cerca de los Hoteles Habana Libre, la Rampa, la universidad de la Habana, Malecón Habanero, a demás a poca distancia esta el café Habana del Hotel Meliá Cohíba y el cabaret Copa Room del Hotel Riviera. Si le gusta el humor puede disfrutar del club los Cocodrilos de un Show humorístico muy agradable.','Maria Luisa Hernandez Rosell License:1454','Calle 20, No. 259 e/17 y 19',NULL,'marialuisa.ma@transnet.cu',2,NULL,5,5,NULL,NULL,NULL,0,0,NULL,NULL,NULL,'544622480113a.jpeg'),(12,1,25,1,'casa-lilly','Casa Lilly','<p> Casa Lilly es una cálida y elegante de gestión familiar B & B. Reserva con nosotros en www.casalilly.com Nuestro balcón soleado al aire libre con vistas impresionantes de la ciudad. Ofrecemos desayunos con productos orgánicos y el mejor café cubano. Una atmósfera agradable hace que sea un gran lugar para relajarse, sentarse en el sol, conocer a otros viajeros y aprender acerca de Cuba a través de los ojos de una familia cubana. .<br></p>','Lilliam Vigil Fonseca License:	562/04','Calle G No. 301 Apto 13 entre 13 y 15',NULL,'amazingtrece@yahoo.com',4,NULL,5,5,NULL,NULL,NULL,0,0,NULL,NULL,NULL,'5446280928801.jpeg'),(14,1,25,1,'casa-el-violinista','Casa El violinista','<p>Apartamento en alquiler en el corazón del Vedado, La Habana, Cuba. 1 Bedroomed apartamento disponible para alquiler o alquiler ya en el Vedado, La Habana, Cuba, los minutos de la playa. Bien situado cerca del Hotel Habana Libra, con fácil acceso a toda la Habana tiene para ofrecer. La experiencia de la vida real cubana por alojarse en un apartamento cubano real. El apartamento cuenta con una cocina bien equipada, salón, baño y dormitorio con dos camas.<br></p>','Omar Puente License:	3574','OmCalle G No 604 apto 1 entre 25 y 27 municipio Plaza 10400. La Habana, Cuba',NULL,'puente.omar@gmail.com',1,NULL,5,5,NULL,NULL,NULL,0,0,NULL,NULL,NULL,'544620039922b.jpeg'),(15,1,25,1,'casa-edumis','Casa Edumis','<p> Casa independiente con portal, sala de estar, comedor, bar, terraza, nevera, TV, habitación doble, aire acondicionado, teléfono y baño con agua caliente y fría. Contrato legal. La ubicación es céntrica y hermosa vista porque se encuentra en primera línea de mar (Malecón) .IS posible poner otra cama doble para 4 personas.<br></p>','Edumis Viera','Calzada y M Number 51 Vedado La Habana Cuba',NULL,'edumis2014@gmail.com',1,NULL,5,5,NULL,NULL,NULL,0,0,NULL,NULL,NULL,'5445bc2c296e0.jpeg'),(16,1,25,1,'casa-de-la-dra-flora','Casa de la Dra Flora','<p>Ubicado en el Centro de La Habana, a sólo 300 metros de la histórica Plaza de la Revolución, en el corazón de la tranquila y mítico Vedado ya sólo 5 minutos de distancia de cualquier principales lugares de interés turístico de La Habana. Ofrecemos dos cómodas habitaciones con aire acondicionado, ventilador de techo, minibar, TV, calientes frías Duchas de agua las 24 horas / día. Desayuno disponible y puede organizar para el almuerzo y la cena también. Hablamos Inglés.<br></p>','Flora Roca Garciarena','Calle B # 705 between 29 and Zapata, Vedado,  Plaza de la Revolución',NULL,'dsroca@infomed.sld.cu',2,NULL,5,5,NULL,NULL,NULL,0,0,NULL,NULL,NULL,'5445bb3f6b477.jpeg'),(17,2,25,1,'casa-buena-vista','Casa Buena Vista','<p>Las habitaciones tienen cómodas camas y 24 horas de agua caliente. Las habitaciones están equipadas con cuarto de baño en-suite y balcón con unas vistas impresionantes de El Capitolio, el Malecón, el océano, y el nacional El hotel El (dependiendo de la asignación de la habitación). El desayuno no está incluido en el alojamiento de forma gratuita y está disponible bajo petición. Seguridad las 24 horas y el check-in con Inglés bilingüe y personal que habla español.<br></p>','Fa Can License: Casabuenav','Apartamento 601 Calle N n°408 Edificio \\\'América, between/entre Jovellar and/y 27 Habana  vedado, cuba Habana vedado, cuba',NULL,'casabuenavistahavana@gmail.com',1,NULL,5,5,NULL,NULL,NULL,0,0,NULL,NULL,NULL,NULL),(18,1,25,1,'casa-blanca','Casa Blanca','<p>Casa Blanca es el lugar ideal donde ustede podra disfrutar completamente de unas vacaciones agradables sin gastar en exceso por un alojamiento comfortable y  llevar consigo un recuerdo agradable de su estancia en nuestro pais. \r\nCasa <br></p>','Jorge Luis Duany Ribas','13 #917 between 8 & 6. vedado',NULL,'cbl917@hotmail.com',5,NULL,5,5,NULL,NULL,NULL,1,0,NULL,NULL,NULL,NULL),(19,1,25,1,'casa-arte','Casa Arte','<p>Esta está ubicada en la calle 23, la calle más céntrica de La Habana. Nuestro barrio es tranquilo y seguro y la casa está cerca de los hoteles, bares, pubs, supermercados, teatros y cines. Se ofertan 2 habitaciones con aire acondicionado equipadas con un gran sabor. Terraza con una vista magnífica ideal para fumar un buen puro, meditar y descansar.. <br></p>','Sra. Natacha Díaz License:	03233','Calle 23 # 668 piso 3 entre D y E, Vedado, Plaza, La Habana',NULL,'diazperezgreta@gmail.com',2,NULL,5,5,NULL,NULL,NULL,1,0,NULL,NULL,NULL,'5443913b5ae9a.jpeg'),(21,2,25,1,'aparthotel-casa-luis-y-ada','Aparthotel Casa Luis y Ada','<p>Renta de independiente 130 mt cuadrados plana, con sala de estar, comedor, cocina bien equipada, tres habitaciones, 2 baños y terraza con vistas al mar y la ciudad. El piso es fresco, con agua caliente, cómodas habitaciones, una de ellas con cama de matrimonio y las otras con camas matrimoniales, todos los colchones son ortopédicos con una calidad insuperable. El piso está bien decorado y muy alegre.<br></p>','Ada Iglesias License:	3869','Calle 13, No. 416, apto 502, e/ F y G.',NULL,'casa_luis_y_ada@yahoo.es',3,NULL,5,5,NULL,NULL,NULL,0,0,NULL,NULL,NULL,'54439035747fa.jpeg'),(22,1,25,1,'apartamento-cafe-mi-habana','Apartamento Café Mi Habana','<p> Apartamento muy céntrico, luminoso y con bonitas vistas. Ideal para \r\nmatrimonio con niños ó para amigos que quieran compartir cómodamente un \r\npiso céntrico para estar cerca de todo, ir a su aire y pagar bastante \r\nmenos que un hotel. El apartamento dispone de un amplio comedor con \r\nvistas, ideal para hacer el desayuno ó la primera copa, antes de partir a\r\n zapatear la habana. Cuenta además con 2 amplios dormitorios .\r\n</p>','Joel Rivero Rodríguez','Calle C,entre calles 29 y Zapata. Edificio 727, Apto. 3o.',NULL,'joelaso2001@yahoo.com',2,NULL,5,5,NULL,NULL,NULL,0,0,NULL,NULL,NULL,'54438c5fcce60.jpeg'),(23,1,25,1,'alida','Alida','<p>  Apartamento con dos habitaciones amplias con sus respectivos baños,  \r\naire acondicionado y su refrigerador; cocina, sala, comedor ,terraza \r\ndonde se puede desayunar, leer ,sitio muy tranquilo.</p>','Alida Carlos  licence:','Paseo y 13. vedado',NULL,'magalyishii@yahoo.com',2,NULL,5,5,NULL,NULL,NULL,0,0,NULL,NULL,NULL,'54438bfba368e.jpeg'),(24,1,25,1,'alex-rooms','Alex Rooms','<p> Apartamento amplio, moderno y con bella vista panoramica. Cerca del \r\nmalecón habanero y del hotel Cohiba. Sitio céntrico con fácil acceso a \r\ntodos los rincones de interes turistico e histórico de la Habana. Cuenta\r\n con todas las comodidades necesarias para disfrutar de unas agradables \r\nvacaciones.</p>','Alejandro Galguera License: 2964','Paseo # 126 entre 5ta y 7ma. Apartamento 5B. Edificio \\\\\\\'Terry\\\\\\\'.',NULL,'galreb2002@yahoo.es',1,NULL,5,5,NULL,NULL,NULL,0,0,NULL,NULL,NULL,NULL),(25,1,25,1,'4-mosqueteros','4 Mosqueteros','<p>Para aquellos que buscar un apartohotel comfortable, le invitamos a nuestra estancia . Ubicado en el mismo corazon del vedado a 200 m de la famosa esquina 23 y L.  De estilo colonial  pero con comodidades modernas , son seguridad sera un lugar excelente para usted y su familia durante su estancia en Cuba.</p>','Julia Gisela Delgado Santos','Calle E, No. 505, apto 6, entre 21 y 23, Vedado, La Habana, Cuba',NULL,'hotel4mosqueteros@yahoo.com',5,NULL,5,5,NULL,NULL,NULL,1,0,NULL,NULL,NULL,'54438baecf7d0.jpeg'),(26,2,19,1,'l-auberge-de-raquel','´´L´ Auberge de Raquel','Casa colonial L\\\\\\\'auberge de Raquel (2da planta) es un negocio particular de Casa de Renta en Cuba, debidamente legalizado y con todo el confort y la comodidad que puede brindar un negocio que tiene algo mas de 10 años de fundado, su nombre es el fruto del agradecimiento hacia unos maravillosos clientes franceses que en el año 2004 se hospedaron y conquistaron el corazón de la familia.','Raquel Sanchez /License: 152-08','Calle Cristo no.12, entre calles Muralla y Teniente Rey,Habana Vieja,La Habana',NULL,'yonamy1@gmail.com',3,NULL,5,5,NULL,NULL,NULL,1,0,'old havana','rent','havana vieja, renta, particular','54438b3a14424.jpeg'),(28,1,19,1,'mary-y-migue','Mary y Migue','Nosotros rentamos un apartamento de un cuarto en el cual tendra toda la privacidad que usted busca. Este se encuentra en el casco historico de la Habana Vieja, frente a la Bahia de La Habana. Muy cerca de todos los destinos de interes turistico de esta ciudad. Le ofrecemos desayuno el cual no se encuentra incluido en el precio de la habitacion, lavado de ropa, cena, bebidas y licores cubanos. ...','Mary License: 234/10','Oficios 406 e/ Luz y Acosta Apto. 7',NULL,'miguemary.ma@transnet.cu',1,NULL,5,5,NULL,NULL,NULL,0,0,NULL,NULL,NULL,'5446240f0c4a4.jpeg'),(29,2,19,1,'martha-y-alain-de-cullant','Martha y Alain de Cullant','Alojamiento en casa particular en Cuba en el corazón del casco histórico declarado Patrimonio de la UNESCO, la mayor atracción turística de la capital cubana. Apartamento independiente en la Habana Vieja situado entre el Paseo del Prado y el antiguo Palacio Presidencial hoy Museo de la Revolución. A 200 metros del malecón, el Museo de Bellas Artes y las fortalezas coloniales. Sala-comedor, cocina, cuarto y baño, planta baja, agua fría ...','Martha Sarabia Romero License: 983/13','Morro 56 apto 104 entre Genios y Refugio',NULL,'msarabia@cubarte.cult.cu',1,NULL,5,5,NULL,NULL,NULL,0,0,NULL,NULL,NULL,NULL),(30,1,19,1,'lourdes-havana-1913','Lourdes Havana 1913','<p>En la aventura de viajar por Cuba, nuestra familia le invita a quedarse en nuestra casa. Usted recibirá en nuestra casa de la hospitalidad del cubano \\\\\\ \'s. Durante los primeros años del siglo XX de estilo Art-Noveau comienza en América Latina, incluyendo el arte de la decoración que es gran virtud: la muestra artística a la arquitectura y las artes decorativas. <br>Casa Habana Lourdes en La Habana Vieja le invita a quedarse en su casa. Usted sentirá la calidez y hospitalidad del pueblo cubano. Su propiedad pertenece al estilo Art Nouveau, fue construido en 1913 por una de las figuras más importantes de este movimiento en la isla, el arquitecto catalán Mario Rotllant. Las habitaciones cuentan con una cómoda cama doble, baño privado, agua caliente, ventilador de techo y aire acondicionado. La privacidad pacífico de su alojamiento en su casa está garantizado, ya que no tiene (si se desea) para interactuar con los anfitriones. Pero si su intención es hablar y conocer a su familia pueden hacerlo con gusto. Junto hay un patio habitaciones con excelente iluminación, donde se puede disfrutar de la brisa fresca y el sol, especialmente para el deleite de un buen libro, un cigarro y licor cubano. Somos el lugar ideal para alojarse en La Habana en su lugar.<br><br></p>','Lourdes A Cal Echeverria License:	8704','Brasil (Teniente Rey) 361 entre Aguacate y Villegas. Habana Vieja, Cuba.',NULL,'habanalourdes@yahoo.com',2,NULL,5,5,NULL,NULL,NULL,0,0,NULL,NULL,NULL,'54450edf91d87.jpeg'),(31,2,19,1,'la-margarita-bb','La Margarita B&B','<p>B & B La Margarita La Margarita Alojamiento y desayuno, La Habana Vieja, La Habana, Cuba. La Margarita Bed and Breakfast se encuentra en la Habana Vieja, cerca de casi todos los lugares importantes para visitar. La Plaza Vieja, El Floridita, La Bodeguita del Medio, Capitolio entre muchos otros lugares que usted puede visitar. 68, Jesús María, entre la calle Cuba y San Ignacio Street. La Habana Vieja, La Habana, Cuba. La Margarita es una casa de campo cómoda espaciosa.<br></p>','Margarita Rodriguez Cuevas License:	2027/14','Jesus Maria 68 , entre Cuba y  San Ignacio . Habana Vieja. Cubaba.',NULL,'lamargaritahostel@gmail.com',3,NULL,5,5,NULL,NULL,NULL,0,0,NULL,NULL,NULL,'544622dddbd07.jpeg'),(32,2,19,1,'la-casa-medina','La Casa Medina','<p>La Casa Medina. www.casamedinacuba.com. Totalmente privada. Un apartamento independiente recientemente remodelado con todas las comodidades para vivir durante largos períodos con capacidad para 2 a 8 personas, con una fachada de estilo colonial y moderno diseño interior. Si quieres alquilar todo el piso consta de 4 dormitorios, con sala de estar, 2 cocinas, 2 baños, 3 neveras, 3 televisiones, teléfono independiente, agua fría y caliente en cocina y baño <br><br></p>','Janhna Hernández Machín License:	511/11','Empedrado 358 Primer Piso / Habana y Compostela . Habana Vieja . La Habana. Cuba','(53) (7) 8673946 78329154   CELULAR  (53) (5) 2764027','casamedina.clientes@gmail.com',5,NULL,5,5,NULL,NULL,NULL,1,0,NULL,NULL,NULL,'5446245ed6f4e.jpeg'),(33,2,19,1,'casa-carlos-carlos-house','Casa Carlos - Carlos House','<p>En el corazón de La Habana Vieja, a sólo una cuadra del Edificio  Bacardi, una casa que mezcla   un gran apartamento en planta alta y una exposición de la planta baja de curiosidades y antigüedades. Carlos \'House, ubicado en la intersección de San Juan Villegas y Calles de Dios, cuenta con dos confortables habitaciones para alquilar con una de las mejores terrazas y balcones de techo en la Habana Vieja.<br></p>','Carlos','Villegas #101 e/ San Juan de Dios y O \'Reilly',NULL,'lacasadecarlos@yahoo.es',2,NULL,5,5,NULL,NULL,NULL,0,0,NULL,NULL,NULL,'5445b521ac905.jpeg'),(34,1,19,1,'hostal-del-medio','Hostal del Medio','Hostal del Medio es un apartamento independiente que se encuentra al lado de la famosa Bodeguita del Medio a unos pocos metros de la Catedral de La Habana. Cuenta con una sala-comedor, cocina con bar, pasillo, baño y una espaciosa habitación. Tiene agua fría y caliente tanto en el baño como en la cocina, 110 y 220Volts en todos los espacios y teléfono propio. El servicio de cambio de lencería ...','Gabriel Lopez','Empedrado 211 between Cuba and San Ignacio apartment 15 (first floor)',NULL,'hostaldelmedio@gmail.com',1,NULL,5,5,NULL,NULL,NULL,0,0,NULL,NULL,NULL,NULL),(40,1,19,1,'casa-blanca-malecon-413','Casa Blanca Malecon 413','<p>Casa Blanca en La Habana Vieja nació de la renovación de una histórica residencia Cubana. Creado por un equipo de diseñadores internacionales de la casa ofrece a sus huéspedes un ambiente refinado donde el diseño y   tradición  se funden en un blanco mágico . Situado en la parte más antigua del Malecón de La Habana (Patrimonio de la Humanidad UNESCO) y sólo  unos pasos  de la Habana Vieja, la casa da la bienvenida a sus huéspedes en un amplio salón con un balcón, donde se puede desayunar, refrescarse con la brisa marina , tomar un cóctel por la noche disfrutando de una puesta de sol inolvidable. Las habitaciones se dividen en tres suites, cada una con A / C, mini-bar, secador de pelo y baño privado. Limpieza diaria, cambio de sábanas cada dos días. Los propietarios ofrecen también a pedido: servicio de lavandería,  almuerzo y cena.<br></p>','Yosvany Coca','Calle Malecón numero :  413   e/  Campanario y Manrique, Centro Habana','Phone: (53) (7) 8623137 Mobile: (53) (5) 2844703','malecon413@gmail.com',3,NULL,5,5,NULL,NULL,NULL,1,0,NULL,NULL,NULL,'543e549c7bf82.jpeg'),(41,1,19,1,'casa-calderon','Casa Calderon','<p>Casa Calderón en La Habana Vieja se encuentra en el centro de la ciudad, a dos cuadras del Prado y el Capitolio, ya tres cuadras del Malecón, también cerca del centro histórico de la ciudad, la casa tiene dos entradas, por parte del cliente que es independiente tiene también vestíbulo, terraza con patio de estilo colonial y habitaciones con baño privado. La casa cuenta con garaje, sala de estar, cocina, cuarto de baño privado, comedor y 2 habitaciones para alquilar. Su familia es muy agradable y Gerardo el propietario es un médico que le puede ayudar en cualquier cosa que necesite.<br></p>','Gerardo Calderon Carrio','Industria # 154 e/ Trocadero y Bernal','(53) ( 7) 8 630449','gdcalderon@infomed.sld.cu',1,NULL,5,NULL,NULL,NULL,NULL,0,0,NULL,NULL,NULL,'54438fdb3597d.jpeg'),(42,1,30,1,'casa-evelio','Casa Evelio','Una habitación climatizada, con baño privado para el turista, sala-comedor, cocina y amplia terraza. Tiene tv,  cocina de gas, agua fría/caliente y area para el parqueo de en auto. La habitación dispone de una cama camera y otra  personal, ideal para un matrimonio con algún niño.<p><br></p>','Evelio León Díaz License:	708/12','Calle 470 No. 305 e/3ra y 5ta Guanabo','53-7)  7965753      cell: (53-5)    3965736','casaguanabo@gmail.com',1,NULL,5,5,NULL,NULL,NULL,0,0,NULL,NULL,NULL,NULL),(43,1,30,1,'resort-brisas-del-mar','Resort Brisas del Mar','<p>Casa Brisas del Mar en Guanabo, está a sólo cien metros de la playa. Quinientos metros dentro de la playa del mar tiene un arrecife de coral que puede ser visitado por los paseos en catamarán y los clientes pueden ir a bucear para ver las piscinas de coral y naturales que existen a su alrededor. Puede realizar diversos deportes acuáticos como el windsurf y la vela o el piragüismo Kay. También está permitido montar a caballo en la playa.<br></p>','Lenmar Sanchez Gonzalez License: 1018-11','Calle 28 numero 28 entre a y b Brisas del Mar  Guanabo, Habana del Este.',NULL,'casabrisas.mar28@yahoo.es',6,NULL,5,NULL,NULL,NULL,NULL,0,0,NULL,NULL,NULL,'5443909035e34.jpeg'),(44,1,30,1,'villa-marienzo','Villa MariEnzo','Pequeño apartamento Hermosa con piscina y bar en las playas de origen de La Habana. Gran vista desde la piscina a la exuberante naturaleza detrás de la casa. Sólo alrededor de 300 metros de la playa. Cerca de las compras disponibles. Azotea con mirador uso posible. 3 más habitaciones dobles con aire acondicionado (2 baños, cocina, sala, comedor, balcón) a la reserva en un piso separado. Las camas supletorias para niños de forma gratuita. Garaje también en alquiler.<p><br></p>','Marisela Duany Sinclair','calle 9na A entre 454 y 454 # 45206 10900 Boca Ciega / Guanabo',NULL,'info@playabocaciega.com',4,NULL,5,NULL,NULL,NULL,NULL,1,0,NULL,NULL,NULL,'54935fb244ba9.jpeg'),(45,3,38,1,'villa-lidia','Villa Lidia','<p>Casa Completa    Excelente villa con piscina ubicada en la loma de Guanabo. Esta es una amplia casa con portal, sala,  cocina, comedor y 3 habitaciones climatizadas. El mayor atractivo de esta villa es la espaciosa terraza con la piscina  y un bar. Desde la terraza se divisa una agradable vista del mar a lo lejos.<br></p>','Lidia','Guanabo',NULL,NULL,3,NULL,5,NULL,NULL,NULL,NULL,0,0,NULL,NULL,NULL,NULL),(47,1,38,1,'iriana-machado','Iriana Machado','Apartamento Completo    Acogedor apartamento de Guanabo junto al mar. Iriana oferta un apartamento con  una habitación climatizada con total privacidad. Ud. también podrá disfrutar de la agradable sala, el minibar y  una fresca terraza con vista al mar. La familia oferta también servicios gastronómicos y de lavandería para sus  turistas.<p><br></p>','Iriana Machado',NULL,NULL,NULL,1,NULL,5,NULL,NULL,NULL,NULL,0,0,NULL,NULL,NULL,NULL),(48,1,38,1,'olga-casa-de-piedra','Olga, Casa de Piedra','<p> Casa de Guanabo con excelente confort, decoración y total privacidad. Olga oferta 5  habitaciones climatizada con 4 baños, dos cocinas, comedor, sala y una amplia terraza con vista al mar, ideal  para tomar el sol y disfrutar la brisa marina. La casa se encuentra a unos 50 metros de la playa. La familia oferta  servicios gastronómicos y de lavandería. La casa tiene parqueo para autos.<br></p>','Olga, Casa de Piedra','Guanabo',NULL,NULL,5,NULL,5,NULL,NULL,NULL,NULL,0,0,NULL,NULL,NULL,NULL),(49,3,38,1,'villa-carlos-y-nery','Villa Carlos y Nery','<p> Amplia propiedad ubicada en pleno centro de Guanabo a unos 250 metros de la playa. La  propiedad se alquila completa y consta de una terraza-jardín bien espaciosa y cerrada con setos verdes y  palmeras. En la terraza hay una piscina y un ranchón-bar además de un barbecue donde los clientes pueden  preparar sus propios asados al carbón. La casa, como tal, tiene 3 habitaciones, 3 baños, cocina, salón, bar. Hay  además parqueo cerrado para 3 coches. Se ofertan servicios adicionales de desayunos, cenas y bar. Los  huéspedes son atendidos por un camarero y hay un vigilante nocturno para garantizar la total seguridad.<br></p>','Carlos y Nery','Guanabo',NULL,NULL,3,NULL,5,NULL,NULL,NULL,NULL,0,0,NULL,NULL,NULL,NULL),(50,3,38,1,'orestes-garcia','Orestes García','<p> Casa de Guanabo con excelente confort, decoración y total privacidad. Oreste oferta dos  amplias habitación climatizada con baño independiente y una amplia terraza-jardín ideal para tomar el sol y  disfrutar la brisa marina. La casa cuenta también con cocina propia aunque la familia oferta servicios  gastronómicos si usted lo solicita. La casa tiene parqueo para autos.<br></p>','Orestes García',NULL,NULL,NULL,2,NULL,5,5,NULL,NULL,NULL,1,0,NULL,NULL,NULL,NULL),(51,1,38,1,'mercedes-muniz','Mercedes Muñiz','<p>Casa de Guanabo en Brisas del Mar con total privacidad, localizada a unos pasos de la playa.  Mercedes oferta dos habitación climatizadas una sala-comedor y una terraza en la parte trasera que da al mar  donde puede sentarse a tomar el sol y disfrutar de la relajante vista y la tranquilidad de este lugar. La casa tiene  parqueo.  <br></p>','Mercedes Muñiz','Guanabo',NULL,NULL,2,NULL,5,5,NULL,NULL,NULL,0,0,NULL,NULL,NULL,NULL),(52,2,38,1,'casa-de-neyda','Casa de Neyda','<p>Apartamento completo    Lujoso apartamento con total privacidad de Guanabo. Neyda oferta dos confortables  habitaciones climatizadas, una agradable sala, el comedor y una fantástica terraza en la que podrá tomar el sol o  disfrutar de la fresca brisa marina.   La familia oferta también servicios de lavandería para sus turistas.<br></p>','Casa de Neyda','Guanabo',NULL,NULL,2,NULL,5,5,NULL,NULL,NULL,0,0,NULL,NULL,NULL,NULL),(53,3,38,1,'ameybis','Ameybis','Casa Completa    Casa con toda la privacidad requerida y las mejores condiciones en Boca Ciega, a unos pocos  cientos de metros de Guanabo. La casa cuenta con dos amplias habitaciones con baño independiente para cada  una, sala con TV, comedor y cocina con refrigerador. Además tiene una amplia terraza muy agradable con una  pequeña piscina para el disfrute de los huéspedes. La playa se está a unos 400 metros de la casa. Se ofertan servicios  de desayuno y cenas en caso de que sean solicitados.<br><br><p><br></p>','Ameybis','Guanabo',NULL,NULL,2,NULL,5,5,NULL,NULL,NULL,0,0,NULL,NULL,NULL,NULL),(54,3,38,1,'dairolis','Dairolis','<p> Casa con privacidad y muy buenas condiciones en Boca Ciega, a unos pocos cientos de metros  de Guanabo. La casa cuenta con dos amplias habitaciones con baño cada una. Además tiene una sala con TV,  comedor y cocina con refrigerador. La terraza es muy agradable y posee una piscina para el disfrute de los  huéspedes. La playa se está a unos 150 metros de la casa. La casa oferta servicios de desayuno y cenas en caso de  que sean solicitados.<br><br></p>','Dairolis','Guanabo',NULL,NULL,2,NULL,5,5,NULL,NULL,NULL,1,0,NULL,NULL,NULL,NULL),(55,1,38,1,'fedora-leon-castro','Fedora León Castro','Casa de Guanabo en Brisa del Mar con total privacidad, localizada a unos metros de la playa.  Fedora de Leon oferta dos habitaciones independientes con climatización una sala-comedor y una terraza en la parte  trasera que da al mar donde puede sentarse a tomar el sol y disfrutar de la relajante vista y tranquilidad de este lugar.  La casa cuenta con parqueo propio.<p><br></p>','Fedora León Castro','Guanabo',NULL,NULL,2,NULL,5,5,NULL,NULL,NULL,0,0,NULL,NULL,NULL,NULL),(56,1,19,1,'casa-allegro-havana','Casa Allegro Havana','<p> Completamente renovado apartamento de lujo en el corazón de la Habana Vieja, muy cerca de la Plaza Vieja, la calle Obispo y la Plaza San Francisco. Todos los detalles originales han sido cuidadosamente restaurados, con detalles interiores, como techos altos de cedro, suelo de mármol  y mármol en la cocina y el baño. El apartamento tiene dos dormitorios, pero se puede alquilar como dos estudios independientes con puertas comunicantes.<br></p>','Edel Galán Ramirez                     License:	803/3','Calle Lamparilla no. 110, apt 21, first floor Between Calle San Ignacio and Calle Cuba Old Havana','(53) (5) 2458541','info@casaallegrohavana.com',2,NULL,5,5,NULL,NULL,NULL,0,0,NULL,NULL,NULL,'5445b4b97eb2a.jpeg'),(57,1,19,1,'casa-colonial-zaiden','Casa Colonial Zaiden','<p> En el Centro Histórico de la Ciudad de La Habana, en la calle Santa Clara, entre San Pedro y Oficios, la Casa Colonial Zaiden ofrece el alquiler de habitaciones con aire acondicionado, dobles o triples con baño privado incluido. Allí podrá disfrutar de agua fría y caliente, servicio de taxi y los desayunos en la terraza. Dentro de un ambiente colonial se le transportarte a los viejos tiempos de nuestra ciudad. Además de su excelente ubicación cerca de todas las Plazas.<br></p>','Maykel Zaiden Alvarez License:	990/13','calle Santa Clara 7 e/ San Pedro y Oficios 10100 Habana Viaja',NULL,'casazaiden@gmail.com',2,NULL,5,5,NULL,NULL,NULL,0,0,NULL,NULL,NULL,'54439175e9a95.jpeg'),(58,1,19,1,'casa-compostela','Casa Compostela','<p>Cuando usted reserva con nosotros en nuestra Casa en La Habana que será bien recibido en nuestro recientemente renovado Casa en La Habana Vieja uno de los habanos más interesantes barrios de Damarys y su esposo. Esta pareja de jóvenes entusiastas trabajar duro en asegurar que su estancia con ellos  sea maravillosa. <br></p>','Damaris Garrido Gonzalez','209 Compostela, Apt. #5 Between O’Reilly and San Juan de Dios Streets Habana, Vieja Cuba Havana)',NULL,'info@casashavana.com',2,NULL,5,5,NULL,NULL,NULL,0,0,NULL,NULL,NULL,'54461c8e68f66.jpeg'),(59,1,19,1,'casa-cuba','Casa Cuba','<p>Situado en el corazón de La Habana Vieja, con habitaciones limpias y cómodas, esta es una casa segura y cálida. La casa tiene baños privados, agua caliente, televisión, nevera, y un delicioso desayuno compuesto por Maykel y deliciosas comidas hechas por el dueño de casa, Leticia. Hostal Casa Cuba a sólo dos cuadras de la hermosa Plaza Vieja. Desde el balcón de la casa se puede tener una vista impresionante del Capitolio.<br></p>','Leticia Loyola Guitart License:	474/11','Calle Cuba, #611, Apartment 5, between Luz y Santa Clara, La Habana Vieja, Cuba',NULL,'leticia.casacuba@gmail.com',2,NULL,5,5,NULL,NULL,NULL,0,0,NULL,NULL,NULL,NULL),(60,1,19,1,'casa-evora','Casa Evora','<p>Situado en el Paseo Martí esta casa es una excelente opción. Situado en una de las más céntricas de La Habana Vieja, a pocos minutos a pie de las calles más atractivas de la Habana Vieja, el Parque Central, Hotel Inglaterra, restaurante Floridita, etc. .. Con una hermosa vista del Malecón, la Fortaleza de la Cabaña.<br></p>','Evora Rodríguez y Manuel Gil Catellanos','Paseo del Prado #20, btw San Lazaro and Carcel. Old Havana.','(53)(7)861-7932',NULL,2,NULL,5,5,NULL,NULL,NULL,0,0,NULL,NULL,NULL,'544620dca0fed.jpeg'),(61,1,19,1,'casa-habana-mia','Casa   Habana Mía','<p>Habana Mía es un particular- oficial-casa para los turistas. Es un apartamento muy bien equipado independiente: hay habitaciones con aire acondicionado de dos de aire, tv, DVD y el desayuno se sirve en una bonita -patio-. Está situado en pleno centro de la Habana Vieja; a sólo 10 metros de la calle Obispo y 200 metros de la -Floridita-.<br></p>','Mariana Liset Benítez Salanueva License:	2099/14','Calle Villegas 212 Apto 2 - Entre Obispo Y Obrapía Habana Vieja',NULL,'habanamiarent@yahoo.com',2,NULL,5,5,NULL,NULL,NULL,1,0,NULL,NULL,NULL,'5445b3e0d556d.jpeg'),(62,3,19,1,'casa-raquel','Casa Raquel','<p>Te voy a dar la bienvenida en la antigua casa de estilo colonial a 50 metros de un Prado 300m del Malecón. El dormitorio tiene dos camas grandes y un cuarto de baño separado. Todo el apartamento tiene viejos muebles hermosos y elegantes. Las habitaciones son de 5 m de altura. El desayuno se sirve. Hablo español e Inglés.<br></p>','Raquel Vento Echenique License:	812','Calle Refugio No. 107 (1er piso) e/ Prado y Morro  Habana Vieja La Habana',NULL,'dayimail2012@gmail.com',1,NULL,5,5,NULL,NULL,NULL,0,0,NULL,NULL,NULL,NULL),(63,1,19,1,'casa-alina','Casa Alina','<p>Apartamento amplio muy ventilado, habitación ventilada con ventanas a la ciudad, climatizada con aire acondicionado 2  ventiladores, tiene un mini bar .El baño tiene agua caliente y fría se ofertan desayunos, meriendas, cenas con  apetitosos platos cubanos .Se oferta servicio de lavandería. Tratando siempre que el turista se sienta como estar en su  casa.<br></p>','Alina pena Arévalo License:122/05','San Juan de Dios 154 e/ Villegas y Aguacate piso 7 apto 9',NULL,'adrpa1955@yahoo.com',1,NULL,5,5,NULL,NULL,NULL,0,0,NULL,NULL,NULL,'5446268c2f843.jpeg'),(64,2,19,1,'casa-humberto','Casa Humberto','<p> Se encuentra Casa de Humberto particular, en el corazón de la parte colonial histórico de La Habana (Habana Vieja - La Habana Vieja). Una ciudad con una larga historia cuyo centro histórico está actualmente activa en restauración. De la casa sólo se necesita un corto paseo para ver las maravillas de La Habana. Es justo al lado del \"Convento de Nuestra Señora de Belén\".<br></p>','Humberto Acosta License:	165/09','COMPOSTELA número 611 entre SOL Y LUZ. LA HABANA VIEJA. CENTRO HISTÓRICO. CUBA.',NULL,'johnyterroni@yahoo.es',3,NULL,5,5,NULL,NULL,NULL,0,0,NULL,NULL,NULL,'5446256aced5e.jpeg'),(65,1,19,1,'cuba-para-ti','Cuba Para Ti','<p>Lindas haitaciones en la Habana ademas de un buen servicio</p><p><br></p>','Rudy Perez','San Juan de dies 212 Havana',NULL,'cubaparati@hotmail.com',2,NULL,5,5,NULL,NULL,NULL,1,0,NULL,NULL,NULL,NULL),(66,1,19,1,'la-casa-de-carlos','La Casa de Carlos','<p> En el corazón de La Habana Vieja, a sólo una cuadra de Edificio Bacardí, existe una casa que mezcla un gran apartamento en planta alta y una exposición de la planta baja de curiosidades y antigüedades. Carlos \'House, ubicado en la intersección de Villegas y San Juan de Dios Calles, cuenta con dos habitaciones confortables e independientes para alquilar con una de las mejores terrazas y balcones de techo en la Habana Vieja<br><br></p>','Carlos Amir','Villegas #101 e/ San Juan de Dios y O \'Reilly',NULL,'graciela.rapallo@nauta.cu',2,NULL,5,5,NULL,NULL,NULL,0,0,NULL,NULL,NULL,NULL),(70,2,19,1,'ying-yang-havana','Ying Yang Havana','<p>YingYang Habana Hostal es un moderno y cómodo apartamento cerca de la Terminal de Crucero de La Habana, dentro de la zona patrimonial de la Habana Vieja. Situado en una segunda planta en la Luz de la calle 109, apartamento 13 entre la calle San Ignacio e Inquisidor de la calle en La Habana. Tiene cerca, el Museo del Ron; una Agencia del  alquilaler, el Hotel Armadores de Santander, donde  puede aparcar su coche alquilado.<br></p>','Juan Montes de Oca License:586/11','calle Luz nr . 109, apart 13 e/San Ignacio  e Inquisidor   .',NULL,'yingyang2701@gmail.com',1,NULL,5,5,NULL,NULL,NULL,0,0,NULL,NULL,NULL,'5446236b00c7c.jpeg'),(71,1,19,1,'chez-nous-house','Chez Nous House','<p>Cantidad de habitaciones: 3<br>Con baño :  1 privado/compartido 2       otras utilidades: Puede utilizarse la cocina, la terraza , el balcón, la sala y el patio interior. <br>Todas las habitaciones tienen Aire Acondicionado. Los baños tienen agua fría y caliente.<br>Una Habitacion tiene  cama de estilo tamaño King Size, la otra dos camas de estilo ¾,la otra que está en la terraza ( tercer piso) una cama King size, moderna, es la del baño privado.<br></p>','Gustavo L. Enamorado Zamora','Teniente Rey (Brasil) Street #115, btw Cuba and San Ignacio. Old Havana. Havana.','(53) (7) 862  6287','cheznous@ceniai.inf.cu',3,NULL,5,5,NULL,NULL,NULL,1,0,NULL,NULL,NULL,'544d295654e6b.jpeg'),(72,1,19,1,'la-casona-de-obrapia','La Casona de Obrapía','<p>Casona colonial ubicada en pleno centro de La Habana Vieja, todos los atractivos de la parte  vieja de la ciudad quedan a unos pocos metros, siempre a una distancia caminable. La casa cuenta con mucha  amplitud, un salón principal con una atractiva decoración, balcón a la calle, un agradable patio interior donde son  servidos los desayunaos y cenas ofertados por los dueños. También hay una terraza en el último nivel ambientada  para pasar un buen rato mientras se disfrutan de un coctel cubano. La casona tiene 4 habitaciones, todas climatizadas  con baño, caja fuerte y closet.<br></p>','xxx','CALLE OBRAPIA NR 405 E AGUACATE Y COMPOSTELA','(53) (7) 8628285',NULL,4,NULL,5,5,NULL,NULL,NULL,0,0,NULL,NULL,NULL,NULL),(80,1,25,1,'pent-house-alicia','Pent-house Alicia','<p>Este es uno de los apartamentos de renta más lujosos de la Habana. Se encuentra ubicado en el  corazón del Vedado junto al Malecón y a escasos 150 metros del Hotel Nacional de Cuba. Se ofertan dos amplias  suites climatizadas con categoría de 5 estrellas, cada una con su baño, TV, mini bar y butacas de descanso. Desde las  habitaciones se observa una hermosa vista al Malecón y al litoral habanero con la bahía y el Morro a lo lejos. La sala,  que se encuentra en un piso inferior a las habitaciones, cuenta con decoración y un mobiliario de lujo. La vista  desde la sala es hermosa. La casa oferta servicios de desayunos, cenas, bar y lavandería para sus huéspedes.  Se  recomienda muy especialmente este lujoso pent-house para aquellos amantes al más elevado confort.<br></p>','alicia',NULL,NULL,NULL,2,NULL,5,5,NULL,NULL,NULL,0,0,NULL,NULL,NULL,NULL),(81,3,25,1,'casa-eduardo','Casa Eduardo','<p>  Lujoso apartamento completamente privado ubicado en el edificio más alto de La Habana y  Cuba, FOCSA. Su ubicación es óptima en La Habana en pleno corazón del Vedado, a unos 200 metros del Malecón  de La Habana y el Hotel Nacional de Cuba. Muy cerca de esta dirección se encuentran varios de los hoteles,  restaurantes, cabarets y night clubs más conocidos de La Habana. El apartamento cuenta con sala, comedor, cocina,  balcón con una hermosa vista de la ciudad y al mar y 3 habitaciones climatizadas con 2 baños. Es un apartamento  amplio con una decoración moderna y atractiva. <br></p>','eduardo',NULL,NULL,NULL,3,NULL,5,5,NULL,NULL,NULL,0,0,NULL,NULL,NULL,NULL),(82,3,25,1,'apartamento-lina','Apartamento Lina','Apartamento localizado justo al inicio del Malecón y la entrada del túnel que separa Vedado de  Miramar. Este apartamento cuenta con mucha privacidad, una sala de estar con agradable decoración, dos  habitaciones con aire acondicionado y un baño intercalado entre ellas. Desde el balcón se observa una vista fabulosa  al Malecón de la ciudad. Se le asegura privacidad y mucha tranquilidad. La casa oferta servicios de desayuno y cenas a  solicitud de los clientes.<p><br></p>','lina','malecon',NULL,NULL,2,NULL,5,5,NULL,NULL,NULL,0,0,NULL,NULL,NULL,NULL),(83,1,25,1,'pent-house-aurora','Pent-house Aurora','<p>Hermoso apartamento pent-house ubicado en el Vedado, justo al inicio del Malecón y la  entrada del túnel que separa Vedado de Miramar. Este piso dúplex, cuenta con mucha privacidad, una sala de estar, la  habitación con aire acondicionado y baño y una terraza con una vista fabulosa al Malecón. La puesta del sol es todo un  espectáculo desde aquí. Se le asegura privacidad y mucha tranquilidad. La casa oferta servicios de desayuno y cenas a  solicitud de los clientes.<br></p>','aurora','malecon',NULL,NULL,1,NULL,5,5,NULL,NULL,NULL,0,0,NULL,NULL,NULL,NULL),(84,1,19,1,'casa-daniel','Casa Daniel','<p><br></p>','Daniel Carrasco','Cristo Street #16 (on 3rd floor) btw Teniente Rey (Brasil) and Muralla. Old Havana. Havana.','(53) (7) 866-2106',NULL,2,NULL,5,5,NULL,NULL,NULL,0,0,NULL,NULL,NULL,NULL),(86,3,29,1,'la-puntilla','La Puntilla','<!--[if gte mso 9]><xml>\r\n <o:DocumentProperties>\r\n  <o:Version>14.00</o:Version>\r\n </o:DocumentProperties>\r\n <o:OfficeDocumentSettings>\r\n  <o:AllowPNG></o:AllowPNG>\r\n </o:OfficeDocumentSettings>\r\n</xml><![endif]-->Esta se encuentra en La Puntilla. En mi opnión esta es la casa de renta más lujosa en La Habana. Tiene 5 habitaciones y creo que estaban preparando una 6ta. <br>Hablamos de una casa con pisos y baños de mármol, amplios salones climatizados, dos bares, uno pequeño en la planta alta y otro bien grande y surtido en la planta baja. Una amplia terraza con vista directa a la desembocadura el Río Almendares y al mar. La piscina es bien grande para ser una piscina de una casa. <br>En esta casa los dueños solamente permiten una acompañante durante toda la estancia, la cual es inscrita como huésped junto al cliente. Esta restricción es un inconveniente para los clientes que no tienen una pareja fija en La Habana. Por ende, esta casa es ideal para familias o parejas.<br><br>Como todas las casas de este tipo se ofertan servicios de desayunos, cenas, bar, lavandería, seguridad nocturna, parqueo, etc. El cambio de sábanas, toallas, seguridad y parqueo está incluido en el precio del alojamiento. Las comidas, el bar y la lavandería son cobradas aparte. No hay problemas para que reciban invitados en la cena.','lp','La puntilla',NULL,NULL,5,NULL,10,NULL,NULL,NULL,NULL,0,0,NULL,NULL,NULL,'54438a4f94b69.jpeg'),(87,1,40,1,'aby-carmenate-reyes','Aby Carmenate Reyes','<p>Casa de renta ubicada cerca de  Habana Vieja,que ha sido restaurada y decorada al estilo\r\n colonial con muebles de la época. Contamos con habitaciones \r\nclimatizadas cada una con baño privado y agua fría y caliente. Además, \r\ntenemos balcón a la calle, dos salas, terraza, comedor y cocina. \r\nAgradable estancia colonial, lugar único para compaginar placer y \r\ndescanso .</p>','Aby Carmenate Reyes','Calle Amistad 159, Apto. 2, Entre Neptuno y Virtudes','(53) (7) 867 4118 Mobile:	(53)(5)3 58 84 31','info@casaincuba-aby.com',3,NULL,5,NULL,NULL,NULL,NULL,1,0,NULL,NULL,NULL,NULL),(88,1,40,1,'bed-breakfast-central-havana','Bed & Breakfast Central Havana','Nueva renovado en 2013, lo típico, pero lo hará con todas las comodidades de una moderna solución B & B, por cada habitación cuarto de baño personal, mini bar, nevera personal, A / C, TV, 24 horas de agua caliente, safe box, 110 y 220 voltios de electricidad, entrada independiente con clave personal, así que sin limitación de tiempo y gran privacidad. La posición es perfecta para muchas razones, muy cerca de paseo junto al mar, a la calle 23 donde encontrar bares cine club nocturno.<p><br></p>','Gabriele Righetti','San Lázaro 907 entre Soledad y Aramburo - Centro Habana - La Habana - Cuba','Phone:	+53 7 8738001 Mobile:	+53 53861394','info@bebcentral.com',3,NULL,5,NULL,NULL,NULL,NULL,0,0,NULL,NULL,NULL,'5445baef47df9.jpeg'),(89,1,26,1,'casa-arcoiris','Casa Arcoiris','<p>Casa Arcoiris  es una casa con todos los servicios para satisfacer a sus clientes. Con coveniente modernidad y encanto antiguo, forman una perfecta combinacion. Se provee a los clientes de todas las informaciones necesarias sobre naturaleza y geografia de la zona.</p><br>','Lidia Esther Gonzalez License:	108/12','Calle Salvador Cisneros #15 Viñales, Pinar del Rio, Cuba','Phone:	(53) 48-696834 Mobile:	(53) 5-345-1361','casa.arcoiris16@gmail.com',1,NULL,5,NULL,NULL,NULL,NULL,1,0,NULL,NULL,NULL,'5445c10c7ee1b.jpeg'),(90,3,6,1,'bella-colonial','Bella Colonial','<p>Bella Casa Colonial en el famoso Prado. Habitaciones amplias con balcon, aire acondicionado, camas dobles. Sala comedor ambiantado con muebles coloniales. Su gran balcon le permitira admirar una bella puesta de sol y el paso de los cienfuegueros por su calle principal. La Casa se encuentra a corta distancia de las principales atracciones  de la ciudad: parque Jose Marti , Teatro Thomas Terry  , discoteca  Benny More ,  Museo, Catedral,  Restaurantes y otras. <br></p>','Leonardo Leyva Ruiz License:	520','calle37 #5603 %Ave 56 y 58 Altos','Phone:	+53 550581 Mobile:	+53 52629473','olga-casa@hotmail.com',2,NULL,5,NULL,NULL,NULL,NULL,1,0,NULL,NULL,NULL,'5445c32ed3ea9.jpeg'),(91,1,40,1,'casa-arelis','Casa Arelis','<p>Amplio y seguro lugar para 3 personas  , 1 cama doble + 1 individual en excelentes condiciones con  suite  , agua caliente y fría y aire acondicionado. La ubicación céntrica, a pocos pasos del Malecón y otras atracciones principales, encantadora familia habla Inglés y ruso, Si quiere pasar unos dias incereibles esta es su mejor opción. <br></p>','Arelis Coira','Leal tad 207 entre Concordia y Virtudes','Phone:	(053)863-4597 Mobile:	(053)58138258','afcmplus@yahoo.com',1,NULL,5,NULL,NULL,NULL,NULL,0,0,NULL,NULL,NULL,'5446071d06912.jpeg'),(92,1,6,1,'casa-berta-y-cortes','Casa Berta y Cortes','<p>Berta y Cortes , estarän muy complacidos en recibilos en su casa, ubicada en el Centro Histórico de Cienfuegos y de la famosa calle Prado. Disfrutara la arquitectura neo clásica de esta tipica casa al estilo del siglo 19. La habitacion posee aire acondicionado y una baño privado. <br></p>','Berta Arango Santovenia','avenida 60 entre calle 39 y 41 n°3906','Phone:	(53)  (43) 51 32 60','bertacortes@gmx.com',1,NULL,5,NULL,NULL,NULL,NULL,1,0,NULL,NULL,NULL,'544615195711a.jpeg'),(106,1,40,1,'casa-concordia','Casa Concordia','<p>Este lujoso y recientemente reformado de 3 dormitorios / 3 cuartos de baños en suite es una joya escondida situada en el centro de La Habana, a una cuadra de las tiendas y restaurantes de la Casa de la Música, Galiano y Neptuno, a pocos minutos a pie de restaurantes, La Guarida y San Cristóbal, Parque Central, el malecón, las galerías de arte, museos y los mejores hoteles en el centro histórico de la Habana. El apartamento es único, que ofrece un alojamiento de lujo de gama alta.<br><br></p>','Kendra License:	13109','Calle Concordia, No.151, Esq. Calle San Nicolás','Phone:	+53 5 2545240 Mobile:	+53 5 4134724','casaconcordiainfo@gmail.com',3,NULL,5,NULL,NULL,NULL,NULL,0,0,NULL,NULL,NULL,'5446194934329.jpeg'),(107,1,1,1,'casa-botello','Casa Botello','<p>Nuestra oferta es un pequeño apartamento en Centro Habana, con entrada independiente y buena privacidad, el  mismo consta de una habitación con cama matrimonial (pero si lo solicitan podemos poner camas separadas y  cuna para bebé).aire acondicionado, televisor teléfono, comedor, cocina y baño privado con agua fría y caliente.  Buena ventilación natural nos ubicamos a tres cuadras del Malecón habanero y una del Hospital Hermanos Aimeijeiras. <br></p>','Rafael Bermúdez Perez License:	1961-2012','virtudes 624 altos entre Gervasio y escobar','Phone:	537 8679987 Mobile:	53 5 2686005','virtudes624@yahoo.es',1,NULL,5,NULL,NULL,NULL,NULL,1,0,NULL,NULL,NULL,'54461c35e18cf.jpeg'),(108,1,6,1,'casa-cubana-ileana-y-omar','Casa Cubana Ileana y Omar','<p>Casa cubana en Cienfuegos,  solo a 300 m  del centro Histórico y 5 minutes  de la terminal de Viazul. <br></p><p>Recien renovada of the terminal viazul. Newly Renovated, with all the comforts. We have two Air-conditioned rooms with TV, 24 hours hot water, Fridge, fan and bathroom for each room, capacity for 3 Persons per room. Services: breakfast, lunch and Dinner (professional chef) laundry massage  (fissioterapista home) parking.<br></p>','Ileana y Omar License:	193','ave 52 entre 43 y 45 n. 4309','Phone:	0053 43 550408 Mobile:	0053 52710017','casacubanacienfuegos@gmail.com',2,NULL,5,NULL,NULL,NULL,NULL,0,0,NULL,NULL,NULL,'54461e4aed951.jpeg'),(109,1,6,1,'casa-ebenezer','Casa Ebenezer','<p>Casa Ebenezer  muy cerca de la calle Prado , arteria principal  que atraviesa toda la ciudad. La casa se encuantra a 300 m del embarcadero para el Ferry hacia el Castillo de Jagua y cerca de otras atracciones</p><p><br></p>','Lilia María Rajadel Sosa','Avenida 50 N°3312 entre 33 y 35 Cienfuegos','Phone:	0053043513778 Mobile:	005353126375','liliam@nauta.cu',2,NULL,5,NULL,NULL,NULL,NULL,0,0,NULL,NULL,NULL,'54461f6255398.jpeg'),(110,1,19,1,'apartamento-de-miriam','Apartamento de Miriam','<p>Apartamento localizado en el mismo  corazón de la Habana Vieja, el Bulevar de Obispo. Una de  las calles más famosas y concurridas de la Habana. Obispo  alberga, entre muchos emblemáticos edificios del casco  histórico de la ciudad, al afamado bar restaurante El  Floridita; escogido por Ernest Heminway en sus largas  estancias en la isla. Miriam oferta una habitación  climatizada, una sala de estar y un balcón con agradable  vista al bulevar. La oficina de Información al turista de la  Habana (Infotur) se encuentra a unos pocos metros en la  misma Obispo. La familia oferta también servicios de  <br>lavandería y gastronomia para sus turistas. El parqueo es  aparte del precio (alrededor de 1.00 CUC por noche).<br></p>','Miriam','miriam',NULL,NULL,1,NULL,5,NULL,NULL,NULL,NULL,0,0,NULL,NULL,NULL,NULL),(111,2,19,1,'isabel-gomez','Isabel Gómez','Apartamento localizado a escasos 100 metros del Paseo del Prado, el inicio del centro histórico de  la ciudad. Todos los atractivos turísticos de la parte vieja de la ciudad se encuentran a una distancia caminable desde  este apartamento. Isabel oferta dos habitaciones climatizadas cada una con su baño, mini bar y un pequeño  balcón con vista al barrio. La decoración y las condiciones en general de este apartamento son muy buenas. La  familia hospedera oferta desayunos, cenas y lavandería en caso de que usted solicite este servicio.','isabel','isabel',NULL,NULL,2,NULL,5,NULL,NULL,NULL,NULL,0,0,NULL,NULL,NULL,NULL),(112,2,19,1,'apartamento-de-alexander','Apartamento de Alexander','Apartamento Localizado en el inicio del malecón habanero y el Paseo del Prado, frente al castillo  de la punta y muy cerca de la Embajada Española. Se oferta una confortable habitación con, baño privado, agua  Fría y caliente, refrigerador TV, y de más comodidades. Desde su balcón podrá ver las mejores vistas de toda la  Habana. Como por ejemplo, El Morro, El Castillo de la Punta, La Bahía de la Habana, Capitolio etc.','alex','isabel',NULL,NULL,1,NULL,NULL,NULL,NULL,NULL,NULL,0,0,NULL,NULL,NULL,NULL),(113,1,19,1,'hostal-mirabel','Hostal Mirabel','<p>Amplia casa de 3 niveles completamente renovada. Se ubica a menos de 50m  la Calle -  Boulevard Obispo. Todos los atractivos de la parte vieja de la Habana se encuentran a una distancia caminable. La  casa oferta 7 habitaciones climatizadas, cada una con baño. Un par de habitaciones cuentan con mini bar y caja  fuerte de seguridad.<br></p>','mirabel','habana vieja',NULL,NULL,7,NULL,5,NULL,NULL,NULL,NULL,0,0,NULL,NULL,NULL,NULL),(114,1,1,1,'apartamento-casa-del-prado','Apartamento Casa del Prado','<p>Apartamento ubicado en el primer piso de un edificio construido en la década de 1910, que  conserva su distintiva fachada de origen. El apartamento ha sido totalmente remodelado en fecha muy reciente.  Cuenta con sala de estar, y fresca terraza con vista al Paseo del Prado. Se ofertan dos habitaciones, una con cama  matrimonial y otra con twins, ambas con aire acondicionado, baño privado y mini-bar.<br><br></p>','prado',NULL,NULL,NULL,2,NULL,5,NULL,NULL,NULL,NULL,0,0,NULL,NULL,NULL,NULL),(115,1,26,1,'casa-elda-y-luis-luis','Casa Elda y Luis Luis','<p>La casa renta una habitación doble , independiente con aire acondicionado, de amplias dimensiones y con baño privado. A petición se elabora para los clientes almuerzos y cenas. Tambien le ayudaran a conocer la zona montañosa y se imparten clases de salsa.</p>','Luis Luis','Sergio Dopico 3b','Phone:	(53) 48-696834','eldaro@princesa.pri.sld.cu',1,NULL,5,NULL,NULL,NULL,NULL,0,0,NULL,NULL,NULL,NULL),(116,2,26,1,'casa-juana-el-jardin','Casa Juana El Jardin','<p>Casa Juana El Jardin  es probablemente el mejor lugar donde usted se puede alojar en Viñales . Ubicado a 3 minutos de la carretera principal y en un elevado con respecto a las demas casas, lo cual le permitira, disfrutar la vista del valle desde nuestra terraza.  <br></p>','Juana','Calle B 33, entre B1 y Arroyo El Duelo, Barrio La Ceiba Vinales','(+53)53311900','casa.juana.vinales@hotmail.com',1,NULL,5,NULL,NULL,NULL,NULL,0,0,NULL,NULL,NULL,NULL),(117,1,26,1,'casa-marilyn-y-adel','Casa Marilyn y Adel','<p>la casa Marilyn, bonita y bien ubicada  en un lugar tranquilo y a poca distancia del centro de el pueblo Viñales y el valle El Palmarito, uno de los mas bellos del parque Nacional Viñales. la casa es estilo bungalow y en su habitacion encontrara todas las comodidades necesarias para una linda estancia.<br></p><br>','Marilyn Grandia License:	892-0725','Calle primera, No. 4B, entre A y B, reparto La Carbonera | (Behind the hospital and next to Optical Office) Vinales, Pinar del Rio, Cuba','Mobile:	53373972','casamarilyn@nauta.cu',1,NULL,5,NULL,NULL,NULL,NULL,0,0,NULL,NULL,NULL,NULL),(118,1,26,1,'casa-marisel','Casa Marisel','<p>La casa, de estilo colonial , esta ubicada  en el centro de la ciudad y en la calle principal. Al lado de el restaurante Don Tomas. La habitación  es independiente con cpacidad para 3 personas ,  climatizada y con baño privado.  Separada de la casa principal por una terraza y con acceso a un lindo patio con arboles frutales.<br></p><br>','Marisel Pedroso Paula License:	011831','Salvador Cisneros #136, between Adela Azcuy and Celso Maragoto, Vinales, Pinar del Río','Phone:	53 48 793273','marisel@vrect.upr.edu.cu',1,NULL,5,NULL,NULL,NULL,NULL,0,0,NULL,NULL,NULL,NULL),(119,1,26,1,'casa-mileysi-y-amelia','CASA MILEYSI Y AMELIA','<p>Familia extremadamente agradable, desde esta casa podra disfrutar bellas vistas de las montañas y la naturaleza des de muchos angulos.</p><p>Las habitaciones que se rentan, tienen el comfort necesario  e independencia para una exelente estancia.<br></p>','Mileysi Quinones','Calle Sergio Dopico #13 Vinales, Pinar del Rio, Cuba Codigo Postal:22400','Phone:	(53) 048-793171 Mobile:	(53) 53373882','exinidia@princesa.pri.sld.cu',2,NULL,5,NULL,NULL,NULL,NULL,1,0,NULL,NULL,NULL,NULL),(120,1,26,1,'casa-mirtha-diaz','Casa Mirtha Diaz','Casa Mirtha Diaz , renta 2 habitaciones con aire acondicionado y agua caliente. La casa ofrece gran independencia y una gran variedad en la parte culinaria. También organizan caminatas, tours en bicicleta , clases de salsa y masajes.<br><br>','Mirtha Diaz Cruz','Carretera al Hotel La Ermita # 12 Reparto La Salvadera, Viñales, Pinar del Río. CP: 22400','Phone:	048-796464 Mobile:	+53 48 53989786','casamirtha06@gmail.com',2,NULL,5,NULL,NULL,NULL,NULL,0,0,NULL,NULL,NULL,NULL),(121,1,26,1,'casa-nilda','Casa Nilda','<p>Nuestra casa poseé dos habitaciones para renta  climatizadas y con bañi privado. <br></p><p><br></p>','Nilda Rosa Perez Ramos License:	966','Orlando Nodarse #39','Phone:	(53) (48)-696891 Mobile:	(53) (5)3311862','casanilda@gmail.com',2,NULL,5,NULL,NULL,NULL,NULL,0,0,NULL,NULL,NULL,NULL),(122,1,26,1,'casa-tatica-y-el-chino','Casa Tatica Y El Chino','Ofertamos una bonita habitaciön para unas maravillosas vacaciones , con aire acondicionado, ventilador, agua caliente, cama matrimonial y cama adicional. Con entrada independiente  y una terraza exterior donde se sirve el desayuno y tambien puede relajarse con la excelente vista al Valle.<br>Nos encantan las visitas de familias con niños y servicio de babysitter esta disponible a cualquier hora.<br><br>','Xiomara Noda Mojena (Tatica) License:1101','Calle Adela Azcuy Norte Final #61a, Viñales, Pinar del Rio, Cuba','Phone:	+5352453116 Mobile:	+5353030649','informaticosv@princesa.pri.sld.cu',1,NULL,5,NULL,NULL,NULL,NULL,0,0,NULL,NULL,NULL,NULL),(123,1,26,1,'hostal-juana','Hostal Juana','<p>Dos habitaciones independientes, con Aire Acondicionado, Ventilador, dos\r\n Camas, Refrigerador, Baños independientes con agua caliente y fría, y \r\nparqueo a varios metros; además, brindamos los siguientes servicios: \r\n-Desayuno, almuerzo, comida y merienda. -Bebidas. -Clases de baile. \r\n-Masajes. -Paseos a caballo y caminatas por el Valle. -Alquiler de \r\nbicicletas. - Lavandería. - Internet.</p>','Juana Camacho García License:	1173','Calle: Adela Azcuy #39 Viñales Pinar del Río','Phone:	(048) 695174 Mobile:	53311703','juanacg66@gmail.com',2,NULL,5,NULL,NULL,NULL,NULL,0,0,NULL,NULL,NULL,NULL),(124,1,26,1,'la-casa-de-la-sonrisas','La Casa de la Sonrisas','<p>Casa y gente muy agradable con vista linda a los mogotes. Una habitacion con dos grandes camas por cuatro personas. AC, ventilador y refrigirador. Baño privado. <br></p>','Nancy Estevez Mendez','Calle Sergio Dopico No. 5 e/ Cisneros y Rafael Trejo Viñales, Pinar del Rio','Phone:	+53 (0)1 5223 888 05 Mobile:	+53 (0)1 5371 57 52',NULL,1,NULL,5,NULL,NULL,NULL,NULL,0,0,NULL,NULL,NULL,NULL),(125,1,19,1,'casa-lunass','Casa Lunass','<p>Bienvenido a Casa Lunass, un moderno apartamento situado en el centro de La Habana!<br>Estamos a sólo 150 metros del Malecón (el mar), 5 minutos a pie de la Habana Vieja ya sólo 20 minutos a pie del Vedado.<br>Casa Lunass sólo desea que disfrute de su estancia, y también ayudarle con todo lo que podamos para que tenga un buen tiempo durante sus vacaciones aquí en La Habana.Somos un pequeño edificio de solo 3 pisos, muy elegante y limpio. Nuestro apartamento de alojamiento consta de una sala de estar y un comedor donde se puede sentir relajado y donde ponemos a su disposición toda la libertad que quisiera mientras tú te quedas aquí.<br>En Lunass no permitimos la presencia de visitantes nocturnos para dormir en las habitaciones. Esta decisión tiene como fundamento garantizar la seguridad del propio cliente y de los demás huéspedes. Además ayuda a mantener la tranquilidad de nuestro hostal y la atmósfera de casa de familia que nos caracteriza.<br> Brindamos servicio de cena previa reservacion para el dia de su llegada para que no tenga que preocuparse por buscar un lugar donde comer a la llegada al hostal en horas de la noche.<br>La casa consta de  una habitacion con cama matrimonial y otra con cama matrimonial  mas una personal cada una con baño privado y aire acondicionado.<br> Precio cena por persona por dia :    7 A 15   cuc, incluye sopa, plato principal y postre (favor tomar un precio medio en mayoria casas es 10 cuc pp, en unos casos excluyen langosta y camarrones.<br></p>','Yamile Fuentes','calle Animas numero 562 ap.3 entre Perseverancia y Campanario.','53 7  8638097  Móvil (SMS): 5 2811580','lunasshabana@gmail.com',2,NULL,5,NULL,NULL,NULL,NULL,1,0,NULL,NULL,NULL,'544d14db4cb0b.jpeg'),(126,1,19,1,'orlandito-y-yelien','Orlandito y Yelien','<p>Situado cerca de las principales atracciones y lugares históricos en \r\nel área de La Habana Vieja. . Los propietarios son muy amables y viven \r\nen un ambiente tranquilo y familiar. Ellos siempre están cuidando de sus\r\n clientes y están dispuestos a ayudarles en todo lo que necesite en La \r\nHabana con buenos consejos.</p>Se alquilan 3  habitaciones A / C,1 \r\nbaño privado  2 con baño compartido y agua caliente, salas de estar, un \r\nbonito balcón con terraza, cocina, balcón, comedor, sala.  <br>Cada \r\nhabitación tiene Aire Acondicionado, ventilador, minibar. Los baños \r\ntienen agua fría y caliente. Las tres habitaciones tienen cama camera, \r\nuna de ellas además una cama ¾.','Orlando Rivero Alonso y Yelien Alvarez Damas','Trocadero  numero: 211,  e/  Industria    y  Crespo Ciudad: Habana ( Centro Habana )      SEGUNDO PISO','(53) (7)  862 2650          (53) (5) 251 8162','barbaracr@infomed.sld.cu',3,NULL,5,5,NULL,NULL,NULL,1,0,NULL,NULL,NULL,'544d1b3798447.jpeg'),(127,1,3,1,'hostal-calle-12','Hostal Calle 12','<p>Por Habitación Amplia y confortable Casa en Villa Clara. Clara y Juan oferta dos habitaciones climatizadas con excelente confort. La casa  cuenta con una acogedora sala de estar y una terraza desde la cual podrá disfrutar de la atractiva vista. La casa cuenta con un restaurante<br></p>','Clara Dania Felipe Marrero y Juan Antonio Rivero Braojo','(calle)  12  numero 1116 ,  e/   11   y  13     Cuidad  Caibarien','(53) (42) 36 42 74',NULL,2,NULL,5,5,5,NULL,NULL,1,0,NULL,NULL,NULL,NULL),(128,1,19,1,'casa-colonial-1715','Casa Colonial 1715','<p>Casa Colonial 1715 sólo desea que disfrute de su estancia, y también ayudarle con todo lo que podamos para que tenga un buen tiempo durante sus vacaciones.<br>La casa cuenta sala, comedor,  terraza, 2 habitaciones, con baño privado en cada una, con Aire Acondicionado, televisor, 1 refrigerador afuera de cada cuarto. Los baños con Agua Fría y Caliente. Los cuartos cada cuarto tiene 1 cama camera y 1  ¾  precio por cuarto el mismo si son 2 adultos y 1 niño, o 2 adultos.  Pueden preparar  uno de los cuartos para 3 adultos)<br><br></p>','Roberto Febles y Zoraida Robaina','Lamparilla                           numero: 324 ,  e/ Aguacate   y Compostela','(53) (7)   864 4914             Celular:   (5) 828  36412','rozol99@gmail.com',2,NULL,5,5,NULL,NULL,NULL,1,0,NULL,NULL,NULL,'544d235fbc9d1.jpeg'),(129,1,19,1,'casa-reloj','Casa Reloj','<p>Casa en el centro Historico, con una excepcional vista de el Palacio \r\nPresidencial hoy Museo de la Revolucion, el castillo del Morro y a corta\r\n distancia de los lugares mas importances de La Habana Vieja. Los dueños\r\n de la casa, son amables y estaran siempre  dispuestos a ayudarles en \r\ntodo lo necesario. Podra disfrutar de una bella coleccion de relojes \r\nantiguos . El desayuno desde el balcon con la espectacular vista de la \r\nHabana y sus fortalezas, le llenaran de energia para todo dia . La casa \r\nrenta 1 habitacion con a/c y baño privado. </p>','Santiago Vargas y Mirtha Romero','calle  Zulueta #62    numero : Apt.68 ,  e/   Genios  y  Refugio      (frente al Museo de la Revolución)','(53) (7) 863 9294','dmfigueredo@infomed.sld.cu',1,NULL,5,5,NULL,NULL,NULL,1,0,NULL,NULL,NULL,'544d278898495.gif'),(130,3,19,1,'hostal-peregrino-del-encinar','Hostal Peregrino del Encinar',' ','JULIO ROQUE','Chacón, numero :   60 – 1st and 2nd floor  ,  e/     CUBA Y AGUIAR','(53) (7)  8601257 -  8618027','info@hostalperegrino.com',6,NULL,5,5,NULL,NULL,NULL,1,0,NULL,NULL,NULL,NULL),(131,2,19,1,'idania-obispo','Idania Obispo','<p>Idania Obispo ofrece una casa con 5 habitaciones, baño: 1 privado/ 4 compartidos. Tambien tiene 1 cocina , 5 terrazas y 5 balcones.La casa está en altos, escalera de la Habana Vieja, alta . En el primer piso se encuentran, 2 cuartos con cama camera cada uno, un baño intercalado, comedor, patio interior, terraza-balcon  a la calle Obispo.<br>En el segundo piso se encuentra 1 apartamento con sala comedor, cocina, dos cuartos con cama camera,  baño intercalado y terraza. 1 apartamento con sala, un cuarto con cama camera, baño privado y terraza.<br>Todos tienen AA, closets, minibar.A los cuartos se les puede agregar una cama pequeña )<br>Usted puede disfrutar de su estancia con mucha comodidad y confort.<br></p>','Idania Cancio','Calle   Obispo  numero:  257 ,  e/  Villegas  y Bernaza ( altos)','(53) (7)   863  2402      Celular :   (53) (5) 360 7346','idaniaobispo@gmail.com',5,NULL,5,NULL,NULL,NULL,NULL,1,0,NULL,NULL,NULL,'54595f4dece58.jpeg'),(132,2,25,1,'alicia-linea','Alicia Linea','<p>La casa es en altos, un segundo piso, el apartamento toma todo el piso.Es una casa moderna que tiene una hermosa vista al mar.<br>La Casa tiene tres cuartos:1 cuarto principal con baño privado, cama camera, Aire acondicionado, refrigerador, baño con agua fría y caliente.2 cuartos con cama camera, baño intercalado, Aire Acondicionado, refrigerador, baño con agua fría y caliente )( uno de los cuartos tiene además de la cama camera una cama individual)</p><p>Tiene Elevador<br></p>','Alicia Horta Higuera','Calle Línea número 52 entre M y N, apartamento 2','(53) (7) 8328439','aorta@infomed.sld.cu',3,NULL,5,0,NULL,NULL,NULL,1,0,NULL,NULL,NULL,'545c2bae90815.jpeg'),(133,1,25,1,'casa-anita-y-ariel','Casa Anita y Ariel','<p>Es una casa que queda en bajos, cada una de la dos habitaciones tiene entrada independiente, no es necesario entrar por la casa principal, aunque pueden utilizarse la terraza de la casa y el comedor. Tiene baños privados. La casa se encuentra en buenas condiciones, vecindario tranquilo Ambas habitaciones con  una cama camera cada una. <br></p>','Ana Perojo  y Ariel Machado','calle  24  numero:  304  e/    19   y  21','(53)(5) 276  1980       (53) (5) 254 2099','anitayarielvasavedado@gmail.com',2,NULL,5,5,0,NULL,NULL,1,0,NULL,NULL,NULL,'545c3012c5c8e.jpeg'),(134,1,12,1,'arcadia-y-anaya','Arcadia y Anaya','<p>Bonita casa localizada en la provincia de Granma, la cual oferta una habitación con Cama Camera y ventilador. Hay otra habitación con Cama Camera y una Cama Individual mas el ventilador. Y la Tercera habitación con Cama Camera, Cama Personal y ventilador. El baño es compartido. La casa tiene: sala y portal. Está fabricando un baño individual para cada habitación y un ranchón para servir los alimentos y que los huéspedes puedan disfrutar el paisaje.<br></p>','Arcadia Verdecia Blanco  y Ernesto Anaya','Calle Principal, frente al Motel Santo Domingo ,  sin  numero ( La casa queda en el punto más alto de una loma que está frente al Motel Santo Domingo, tiene una escalera en la ladera de la loma para subir a la casa )',NULL,NULL,3,NULL,NULL,NULL,NULL,NULL,NULL,0,0,NULL,NULL,NULL,NULL),(135,1,39,1,'casa-castaner','Casa Castañer','<p>Hermosa casa estilo moderno, ubicada en el centro de la Ciudad, que ofrece 5 habitaciones y 5 baños, con muebles de estilo colonial, donde usted puede disfrutar de una estancia con confort y comodidades.Tiene una amplia y decorada terraza, cocina y balcón.Ofrece servicio de taxi<br></p>','Silvia Castañer','Calle 35  No. 1452 ,  esq  Avenida 26','( 53) (7)      8302022/8335170   celular   (05) 3585699','silviacastaner@yahoo.es',5,NULL,5,5,5,NULL,NULL,1,0,NULL,NULL,NULL,'545c3c0ccd0a2.jpeg'),(136,1,25,1,'cuencas-home','Cuencas Home','<p>Hermosa casa situada en el Centro de nuestra Ciudad, donde puede disfrutar de 2 habitaciones con baños privados, un hermoso balcón, sala, comedor y cocina.<br></p>','Carlos Cuenca Gamboa','calle   25, número 803 entre B y C','(53) (7)  8366084/8310745/   cel: (5)-3495301','carloscuencagamboa@yahoo.es',2,NULL,5,NULL,NULL,NULL,NULL,1,0,NULL,NULL,NULL,'54940f26c6aed.jpeg'),(137,2,25,1,'casa-de-abel','Casa de Abel','<p>Este amplio apartamento en La Habana le dará toda la privacidad que necesita con todas las comodidades del hogar. Lo mejor de ambos mundos: un hermoso y tranquilo barrio residencial a sólo 15 minutos del centro de La Habana. Cuenta con 1 habitacíon y 1 baño privado, una cocina y una preciosa terraza.<br> <br><br></p>','Abel Antonio Díaz Baracaldo',': calle  23   numero  1413 apartamento 41, piso 3,  e/    20 Y 22','(53) (7)    6 -43 33 67	celular (53) (5) 272-7217','nurys.baracaldo@infomed.cu',1,NULL,5,NULL,NULL,NULL,NULL,1,0,NULL,NULL,NULL,'545d38ed5648c.jpeg'),(138,1,19,1,'casa-geldys-y-michel','Casa Geldys y Michel','<p>Casa Geldys y Michel le ofrece una lujosa y confortable casa, en la cual podrán disfrutar de una relajante vista hacia el malecón de La Habana y el Morro Cabaña y parte de la Ciudad,  la cual oferta la renta de 1 habitación con un baño privado, un precioso comedor con vista al mar. Además cuenta con la cocina una terraza y un balcón donde podrá pasar su estancia mas agradable.<br><br></p>','Geldys Morales Feito','Calle Carcel   Apto 6b    numero   101,  e/    Prado    y    Morro','(53)   (7)   8615447','geldancer@gmail.com',1,NULL,5,10,NULL,NULL,NULL,1,0,NULL,NULL,NULL,'545d4c1acdbe7.jpeg'),(139,1,3,1,'hostal-buen-viaje','Hostal Buen Viaje','<p>Situado en Remedios Villa Clara, con habitaciones limpias y cómodas, esta es una casa segura y cálida. La casa tiene baños privados, agua caliente, televisión, nevera, y un delicioso desayuno compuesto por Naty y deliciosas comidas hechas por el dueño de casa, Naty. Hostal Casa Buen Viaje oferta 3 habitaciones y tres baños privados.<br></p>','Lester Mercedo Crespo','Calle Andrés del Río numero  20 entre Enrique Malaret y Maximo Gomez','(53) (42)  366560','hostal.buenviaje@gmail.com',3,NULL,5,10,NULL,NULL,NULL,1,0,NULL,NULL,NULL,'545d51c8481ca.jpeg'),(143,2,25,1,'hostal-carmen','Hostal Carmen','<p>Casa Hostal Carmen  en La Habana Vieja se encuentra en el centro de la ciudad,  la casa tiene dos entradas, por parte del cliente que es independiente, terraza con patio de estilo colonial y habitaciones con baño privado. La casa cuenta con, sala de estar, cocina, cuarto de baño privado, comedor y 2 habitaciones para alquilar. Su familia es muy agradable Carmen la propietaria le puede ayudar en cualquier cosa que necesite.<br><br><br></p>','Cármen  González y Francisco Martínez','calle 21   numero  1362  ,  e/    24 Y 26','(53)  (7) 835 4517	CELULAR   (53)  (5) 829 5245','yadira_martinez@ftur.uh.cu',2,NULL,5,NULL,NULL,NULL,NULL,1,0,NULL,NULL,NULL,'545d5a0a2eda7.jpeg'),(144,1,25,1,'casa-irasema','Casa Irasema','<p>En el mismo centro, en el corazón de La Habana, Casa de Irasema, le hará sentir como en casa,  con total confort, independencia y seguridad. Estamos para  contribuir a que su estancia en Cuba sea el mejor de sus recuerdos. Nuestra concepción de trabajo es de alojamiento económico, con precios asequibles y de buena seguridad, nos distinguimos por ser buenos anfitriones.<br><br><br></p>','Irasema Alfonso Agued','calle   9   numero :453, apartamento 1401.Piso 14, Penthouse  ,  e/    F    y  E','(53) (7) 8320240','irasemalfonso@gmail.com',1,NULL,5,NULL,NULL,NULL,NULL,1,0,NULL,NULL,NULL,'545d5f2bf1e9e.jpeg'),(145,1,25,1,'casa-ivon-y-angel','Casa Ivon y Angel','<p>Bienvenido a la casa  Ivon y Angel, donde recibirá un trato familiar, atención personalizada, información y seguridad. Le garantizamos una estancia cómoda y agradable en su casa. Los huéspedes pueden relajarse en el salón y una terraza donde se puede disfrutar de un cóctel, TV y ponerse al día con amigos. La Casa oferta 3 habitaciones, 3 baños, cocina, pantry, terraza y balcón.<br><br><br></p>','IVONNE ESTÉVEZ ARXER','calle E número 158 apartamento  18B ,  e/   9  y  Calzada','(53) (7) 8307303','ivonnerenta@yahoo.es',3,NULL,5,NULL,NULL,NULL,NULL,0,0,NULL,NULL,NULL,'545d6165781d4.jpeg'),(146,1,19,1,'casa-manuel','Casa Manuel','<p>Nuestro apartamento consta de 2 dormitorios balcón y baño. Es completamente independiente.  Está situado en un lugar céntrico, cerca del Capitolio, Barrio Chino, Parque Curita y Parque Fraternidad. En la  zona hay muchas tiendas, mercados, cafeterías. Apartamento está climatizado, con agua fría y caliente,  tiene una cama doble en la habitación, tv, y minibar<br><br></p>','Manuel Coipel Diaz','Calle Mercaderes numero 206( altos)  ,  e/   Teniente Rey y Amargura','(53) (7)  8672159','manuelcd11@yahoo.es',2,NULL,5,NULL,NULL,NULL,NULL,0,0,NULL,NULL,NULL,NULL),(147,3,29,1,'casa-maria-elena','Casa Maria Elena','<p>Nuestra casa consta de 2 dormitorios, sala, cocina, sala, saleta, 3 terrazas/comedor, baño y garaje. Es completamente independiente. Está situado en un lugar céntrico. En la zona hay muchas tiendas, mercados, cafeterías. Casa climatizada, con agua fría y caliente.  <br><br></p>','María Elena Cruz Companioni','5Ta F   numero : 9603,  e/    96   y     98','(53) (7) 202 43 38   Móvil   (53) (5) 243 2906','apagon40@yahoo.com',2,NULL,5,5,5,NULL,NULL,1,0,NULL,NULL,NULL,'545d6d1cc95e6.jpeg'),(148,2,19,1,'casa-maribel','Casa Maribel','<p>La casa está en altos, escalera de la Habana Vieja, alta . En el primer piso se encuentran, 2 cuartos con cama camera cada uno, un baño intercalado, comedor, patio interior, terraza-balcón  a la calle Obispo. En el segundo piso se encuentra 1 apartamento con sala comedor, cocina, dos cuartos con cama camera,  baño intercalado y terraza. 1 apartamento con sala, un cuarto con cama camera, baño privado y terraza. Todos tienen AA, closets, minibar. A los cuartos se les puede agregar una cama pequeña.<br></p>','Maribel Carralero Flores','calle villegas  numero:  210 ,  e/  obispo y obrapia','(53) (7) 8623548',NULL,5,NULL,5,NULL,NULL,NULL,NULL,1,0,NULL,NULL,NULL,'545d6e9d80928.jpeg'),(149,1,19,1,'casa-tere-y-eddy','Casa Tere y Eddy','<p>Nuestro apartamento consta de 2 dormitorios, sala, comedor y baño. Está situado en un lugar céntrico, cerca del Capitolio, Barrio Chino, Parque Curita y Parque Fraternidad. En la zona hay muchas tiendas, mercados, cafeterías. <br><br></p>','Teresa Fernández Fernández y Eddy  Fernández Llanes','calle Animas (altos), número 766, entre Gervasio y Velascoain','(53) (7)  8647684','donpeponrent@gmail.com',2,NULL,4,5,NULL,NULL,NULL,0,0,NULL,NULL,NULL,NULL),(150,1,19,1,'the-green-house','The Green House','<p>The Green House ofrece servicio de renta de lujosas 7 habitaciones, donde pueden también disfrutar de 2 espaciosas terrazas con una bella vista. Tiene 5 baños privados y 2 compartidos.     Otras utilidades: (cada habitación tiene dos ventanas.  Hay dos terrazas en la azotea.)Todas las habitaciones tienen Aire Acondicionado 2 ventiladores y Minibar.<br></p>','Eugenio Barral y Fabio Qintana','San Ignacio   numero: 656  ,  e/ Jesus María  y  Meced','(53) (7) 8629877','fabio.quintana@infomed.sld.cu',7,NULL,5,10,NULL,NULL,NULL,1,0,NULL,NULL,NULL,NULL),(151,2,25,1,'casa-tuma','Casa Tuma','Privilegiadamente ubicado en la famosa avenida 23 del Vedado , cerca del Cementerio Colón, La Plaza de la Revolución, Malecón y otros atractivos de la parte Moderna de la Habana.       Este apartamento completamente independiente  le permitirá  disfrutar de  una estancia placentera. Cuenta con una acogedora  sala (con sofá – cama ) , baño- vestidor  con closet , una confortable  habitación climatizada y  cocina/comedor equipada , donde usted podrá elaborar sus platos preferidos. Cada uno de los espacios mencionados  se encuentran  en niveles diferentes,  lo cual acentúan  su modernidad y absoluto confort.  Cómodamente se pueden alojar 3 personas o  familias con niños. Tenemos gran experiencia en turismo y podemos ayudar a nuestros clientes en todo lo necesario referente a consejos para lugares que puedan visitar tanto en La Habana cómo  de otras partes de Cuba . Nuestra ayuda podemos brindarla en varios idiomas : Español,  Ingles y Alemán.<br><span style=\"mso-ansi-language:EN\" lang=\"EN\"><span class=\"hps\"></span></span><p><br></p>','Rene Egued Pérez','23  numero   1411 apto 1 (bajos) ,  e/   20    y     22 , Vedado','(53) (7) 8306313 movil (53) (5) 52894936','infohavanacity@gmail.com',1,NULL,5,5,NULL,NULL,NULL,1,0,NULL,NULL,NULL,'545d76ffaee55.jpeg'),(152,1,25,1,'casa-villa-alicia','Casa Villa Alicia','<p>Villa Alicia es un hermoso apartamento situado en el centro de nuestra ciudad, en el Vedado que cuenta con 3 habitaciones y 3 baños, ademas de una hermosa terraza donde puede disfrutar de una relajante vista y de una cocina espaciosa. Las habitaciones estan habilitadas con todas las comodidades para que usted y su familia tengan una estadia inolvidable en nuestro apartamento<br></p>','Tomás Egües Tuma    e   Iván Egües  Alberto','Línea    numero:  53  ,  e/    M  y  N, apartamento 4','(53) (7) 8329281/ 8350302','villaalicia2013@yahoo.com.mx',3,NULL,5,NULL,NULL,NULL,NULL,1,0,NULL,NULL,NULL,'545d78f2d32d5.jpeg'),(153,3,39,1,'casa-vivi','Casa Vivi','<p>Casa Vivi es una moderna y restaurada casa en Nuevo Vedado, una zona muy tranquila y residencial, donde usted puede disfrutar de sus lujosas habitaciones, sus espaciosas salas y salones y de su cocina, ademas del balcon y del garaje propio. Los Propietarios de la casa son excelentes personas que estan dispuestos a guiarlos y ayudarlos en lo que necesiten<br></p>','Viviana Díaz de Villegas','Calle  Norte número 13 entre 35 y 35','(53) (7) 8304775','vivicambo@yahoo.com',2,NULL,5,10,NULL,NULL,NULL,1,0,NULL,NULL,NULL,NULL),(155,1,29,1,'casa-zeny-y-luis','Casa Zeny y Luis','<p>Amplia habitación en la planta alta de una casa de estilo semicolonial, con acceso a terraza privada, y baño privado; aire acondicionado (Split), televisor, teléfono, agua caliente, refrigerador en la habitación, y car porch (garaje). La entrada no es independiente; pero el conjunto que rentamos mantiene su privacidad: se accede por una corta escalera a la planta alta, la cual desemboca en el recibidor donde se encuentra la puerta que da acceso al conjunto que rentamos. Se permiten invitados<br></p>','Zenaida Carlota Garcìa Rouco; Luis Oscar Blanco Valdès','6      numero :  118 altos    ,  e/   1ra    y   3ra,  Miramar,','(53) (7) 2090074 (53) (5) 2549447','juankarp@infomed.sld.cu',1,NULL,5,NULL,NULL,NULL,NULL,1,0,NULL,NULL,NULL,'545d8008215c1.jpeg'),(156,1,25,1,'hostal-marisela','Hostal Marisela','<p>Este amplio apartamento en el Vedado, La Habana le dará toda la privacidad que necesita con todas las comodidades del hogar. Lo mejor de ambos mundos: un hermoso y tranquilo barrio residencial a sólo 15 minutos del centro de La Habana.Cuenta con 2 hermosas habitaciones, baños privados, una cocina espaciosa y una bella y agradable terraza <br><br></p>','Marisela Perez Quiñones','21  numero 1362 bajos  e/  24 Y 25','(53) (7) 8319416   (53) (5) 8295146',NULL,2,NULL,5,5,NULL,NULL,NULL,0,0,NULL,NULL,NULL,NULL),(157,2,25,1,'casa-lorena','Casa Lorena','<p><!--[if gte mso 9]><xml>\r\n <o:OfficeDocumentSettings>\r\n  <o:AllowPNG></o:AllowPNG>\r\n </o:OfficeDocumentSettings>\r\n</xml><![endif]--></p><p>Apartamento independiente\r\ncon 2 habitaciones, <span style=\"mso-spacerun:yes\"> </span>aire acondicionado,\r\ncocina equipada, agua fría y caliente, Televisor, Refrigerador y teléfono.<br style=\"mso-special-character:line-break\"></p><p class=\"MsoNormal\"><span style=\"mso-ansi-language:ES\">\r\n<br style=\"mso-special-character:line-break\">\r\n</span></p>\r\n\r\n<p></p>','Lorena','calle San Lázaro  numero : 1272 ,  e/    L    y    M   ,  VEDADO','(53) (5) 2908909','jmolinahdez13@yahoo.es',2,NULL,5,10,NULL,NULL,NULL,0,0,NULL,NULL,NULL,NULL),(158,1,19,1,'armando-sanz-castillo','Armando Sanz Castillo','<p>Hermoso lugar para pasar unos increibles dias en La Habana. Los clientes podrán disfrutar de 2 habitaciones, 2 baños privados, cocina, comedor y  patio interior.La casa está ubicada en el Centro Histórico de nuestra Habana, y muy cerca hay restaurantes, cafeterias, hoteles y lugares de atractivo interes para los turistas.<br></p>','Armando Sanz Castillo','Campanario   numero:  162 ,  e/ Animas      y Virtudes','(53) (7) 8665294   (53)(5) 2957149',NULL,2,NULL,5,5,5,NULL,NULL,0,0,NULL,NULL,NULL,NULL),(159,3,39,1,'casa-de-cachita','Casa de Cachita','<p>(la casa se alquila completa, incluyendo sala, comedor, terraza, jardines, piscina, cocina y garaje.  No se alquilan habitaciones separadas, el que la alquile paga por las tres habitaciones. ) Las habitaciones tienen cama King size dos de ellas y la otra cama camera, Aire acondicionado, televisor, el refrigerador está en la cocina y es del uso exclusivo de los clientes, Una tiene baño privado y las otras dos intercalado)<br></p>','Celia Caridad Abrantes Fernández','43  numero:  1120     ,  e/ Ave Kohly   y  36','(53) (7) 8814303   (53) (5) 2937749',NULL,3,NULL,10,NULL,NULL,NULL,NULL,1,0,NULL,NULL,NULL,'545dace2c492e.jpeg'),(160,1,26,1,'casa-de-estrella-y-miguelito','Casa de Estrella y Miguelito','<p>Amplia habitación en Viñales, desde donde podría disfrutar de su cómoda habitación, baño, una agradable terraza y garaje. Si usted quiere pasar unos dias rodeados de naturaleza, historia y buenas comodidades aquí le tenemos una buena opción<br></p>','Estrella y Miguelito','calle Adela Azcuy (Norte) numero:  21','(53) (48) 793314',NULL,1,NULL,5,NULL,NULL,NULL,NULL,0,0,NULL,NULL,NULL,NULL),(161,1,26,1,'vladimir-y-gladys','Vladimir y Gladys','<p><br></p>','Vladimir y Gladys','Adela Azcuy    numero:  10-A','(53) (48) 793314    (53) (5) 3373911','vladimir67@correodecuba.cu',1,NULL,5,NULL,NULL,NULL,NULL,0,0,NULL,NULL,NULL,NULL),(162,1,26,1,'villa-los-croton','Villa Los Croton','<p>Habitación para pasar una estancia inolvidable, la cual tiene una cama camera y una individual, Aire Acondicionado, Ventilador, refrigerador, Agua fría y caliente en el baño, Caja de seguridad). Los dueños de la casa son personas muy buenas y estan dispuestos a ayudarles y guiarlos en cualquier cosa que necesiten.<br></p>','René y Taty','Adela Azcuy Norte   numero:  15','(539 (48) 695683','villaloscroton@gmail.com',1,NULL,5,NULL,NULL,NULL,NULL,0,0,NULL,NULL,NULL,NULL),(170,1,26,1,'villa-amarilis-leon','Villa Amarilis Leon','<p>Villa Amarilis León, se habla inglés y francés. Esta agradable y acogedora casa colonial localizada en el Valle de Viñales, situada exactamente en el centro de la ciudad de Viñales, en frente de la Agencia de Viajes Havanatur, a 50m de la Estación del Bus, la Plaza Principal y otros sitios de interés. Esta casa bien amueblada, cuenta con dos habitaciones climatizadas, y 2 baños. <br></p>','Amarilis León Piedra                     License:	892/910','Salvador Cisneros #75( Calle Principal)Viñales','(53) (48) 796281 (53) (5) 3591175','sucasaparticular@yahoo.es',2,NULL,5,NULL,NULL,NULL,NULL,0,0,NULL,NULL,NULL,NULL),(171,1,26,1,'villa-cary','Villa Cary','<p>Casa Villa Cary en Vinales es una casa bonita, simplemente 2 bloques del centro en un barrio tranquilo, con 1 cuarto y 3 camas. Cuando usted se quedó con Cary usted realmente sabrá cómo son los cubanos, ella es un uso del maestro para tratar con niños, preparan comidas excelentes del cubano y le ayudan cualquier viajeros en grupo que usted quiere hacer. Rolando, el marido de Cary, es un experto y orador natural. Ofrecen 1 habitación y 1 baño.<br></p>','Cary Anny','Calle Camilo Cienfuegos #IG entre Adela Asuy y Juaquin Perez VINALES','(53)(48) 695412 Mobile:	(53) (48) (01)-53365439','villacary@correodecuba.cu',1,NULL,5,NULL,NULL,NULL,NULL,0,0,NULL,NULL,NULL,NULL),(172,1,26,1,'villa-renga-y-julia','Villa Renga y Julia','<p>La casa particular de Julia y Renga está ubicada en el centro de Viñales. Esta casa alquila 2 cuartos con una entrada privada. Este local posee sistema de alarma. Los cuartos tienen una terraza  con vista  al jardin de la casa y mientras contempla los Mogotes del Valle de Viñales  puede disfrutar un coctel delicioso. Los cuartos son provistos con una cama doble y tienen un cuarto de baño privado con agua caliente.<br></p>','Renga y Julia Hernandez','Salvador inferior cisnero, Pinar del Rio, 22400 Viñales','(53) (48) 796333   (53) (5) 01 3311817','meily.hernandez@me.com',2,NULL,5,NULL,NULL,NULL,NULL,0,0,NULL,NULL,NULL,NULL),(173,2,26,1,'villa-victor','Villa Victor','<p> Localizada en Viñales,  fuera del tráfico  de la calle principal. El vencedor de la casa de campo está junto al campo de béisbol y el alojamiento tiene su propia entrada detrás de la casa , donde un huerto sombreado para relajar en las sillas mecedoras, y dónde hay un mirador de madera donde usted puede comer comidas preparadas con verduras recientes de nuestro huerto. La Casa ofrece una habitacion y 1 baño.<br></p>','Rolando y Anabel','Calle Adela Azcuy Norte 8 Vinales','(53)(048)796421 Mobile:(53) (5) 0158040293','anabel730129@princesa.pri.sld.cu',1,NULL,5,NULL,NULL,NULL,NULL,0,0,NULL,NULL,NULL,NULL),(174,1,26,1,'casa-grether-carlos','Casa Grether Carlos','<p>Casa Grether Carlos,  Alojamiento y Desayuno en el centro de Vinales, Cuba. Le ofrece un cuarto confortable y limpio con todas las facilidades modernas. El cuarto es equipado con un acondicionador de aire, un cuarto de baño privado y entrada privada. Los anfitriones de Casa Grether y Carlos   hablan inglés y alemán fluido y están todo el tiempo disponibles para ayudarle. Es posible ofertar l desayuno cena y lases  salsa con maestro profesional.<br></p>','Gliceria Lugo Martinez','Calle Orlando Nodarse 26','(53) (48) 695460','casagrethercarlos@gmail.com',1,NULL,NULL,NULL,NULL,NULL,NULL,0,0,NULL,NULL,NULL,NULL),(175,1,7,1,'hostal-gisela','Hostal Gisela','<p>Casa Colonial Privada oferta alquiler de habitaciones, con huerto interior, y entrada independiente, Aire acondicionado, agua fria y caliente, minibar, sala de estar y el comedor, El servicio de desayuno, de almuerzo y de cena, lavanderia, el arreglo de las uñas y el pedicuro. se organiza una excursion de paseo a caballo, alquiler de la bicicleta, Taxi<br>Los buenos precios y un servicio alto de calidad.<br></p>','Gisela Borrell Bastida','Frank País (Carmen) # 486 entre Fidel Claro y Santiago Escobar','(53)(5) 3385236','apartamentohabana@gmail.com',2,NULL,NULL,NULL,NULL,NULL,NULL,0,0,NULL,NULL,NULL,'545ed61f20c13.jpeg'),(176,1,7,1,'casa-colonial-villa-martinez','Casa Colonial Villa Martínez','<p>La plaza Mayor donde usted pueda encontrar una gran cantidad de atracciones del turistimo. Hay también la Casa de la Musica donde usted puede ir para bailar Salsa.<br>La Casa Particular tiene  dos cuartos para el Patio. Son bastantes grandes ucada uno tiene su cuarto de baño y la corriente alterna. Están un poco separado del resto de casa así es que usted puede disfrutar también la calma.<br>Le ofrecemos desayuno con frutas regionales, jugos naturales, marmelade, cereales, café, pan, queso, jamón y huevos y a no olvidar los panqueques del houseown. También le ofrecemos cena con comida típica de la región o cualquier otra clase de platos que a usted le gusta comer.<br>Nos gustaría darle la bienvenida para nuestra Casa,<br></p>','Maryoley Martinez','José Mendoza (Santa Ana) No. 565-A entre el Agustín Bernal y Ernesto Valdés Muñoz','(53) (41) 994742    celular (53) (5) 2474055','villamartinez07@gmail.com',2,NULL,5,NULL,NULL,NULL,NULL,1,0,NULL,NULL,NULL,'545ed79003be1.jpeg'),(177,1,7,1,'casa-damarys','Casa Damarys','<p>La casa está ubicada en 5 paseo menudo de Alcalde de la Plaza y Parque Céspedes.La posición es ideal desde que usted pueda dormir apagadamente.La casa consiste de:La sala de estar grande en un estilo colonial con mobiliario antiguo; El patio interior donde usted pueda comer o pueda gastar una tarde encantadora;Dos terrazas: Uno para cenas quietas por luz de vela y el otro tiene una vista panorámica bella de Trinidad y una barra bonita;<br>- La cocina grande con barra;Tres dormitorios para alquiler cada uno con aire poniendo en forma y el cuarto de baño privado. El cuarto más grande puede acomodar a cuatro personas en dos camas dobles, las otras tres personas en una cama doble y una cama individual, y finalmente dos personas en una cama doble.Tenemos el gusto de ofrecerle los siguientes servicios: El servicio gastronómico bien importado. Además de la tradición típica del cubano, nos divertimos combinando el arte culinario local con arte culinario italiano;<br>- Los cocteles a voluntad, hecho en una forma natural sin el uso de aditivos;Limpiar servicio y cambie de toallas todos los días;El servicio del lavandero;Escuche buena música del cubano. ¡Damarys le puede dar cualquier lección de baile del cubano (gratis!); Organizamos sus excursiones a caballo o por ahí bicicleta, y le damos lotes de consejo en qué hacer una visita en Trinidad y contornos (gratis!);Habiendo visitado toda Cuba y habiendo tenido enlaces con la isla, podemos hacer una reservación su día de fiesta en Casa Particular agradable tan de nosotros (gratis!)Le ofrecemos nuestra experticia a informarle en la compra acerca de cigarros, ron y collares de coral negro.<br></p>','Damarys Alfaro Hidalgo','Restoy Fajardo n. 2 entre José Mendoza y Abel Santa Maria','(53) (41) 996858','casadamarys@gmail.com',3,NULL,5,NULL,NULL,NULL,NULL,0,0,NULL,NULL,NULL,'545edac39073e.jpeg'),(178,1,7,1,'juan-carlos-orbea-y-la-china','Juan Carlos Orbea y La China','<p>Es una casa colonial situada en e centro de la ciudad, construida en el año 1810, a tres minutos de la estación del bus, a dos del café Internet, paralelo al Hotel Iberostar Trinidad, a tres minutos del centro histórico, a 300metros del museo de historia, a 200 metros del Parque Céspedes, consta de sala, saleta, comedor, cinco cuartos dos se rentan con baños privados, agua caliente las 24 horas, aire acondicionado, ventilador, nevera surtida y aire natural con posibilidad de ser acondicionadas para ocupaciones sencillas, dobles o múltiples. terraza amplia en primer nivel, en el segundo nivel terraza, comedor para el disfrute de cenas y desayunos y un mirador en el tercer nivel que se puede observar la ciudad, zona montañosa y el mar , se oferta coctelería, el cóctel de bienvenida es el” Trinidad Colonial”, se disfruta de un ambiente familiar, también se ofertan excursiones como, montas a caballos con guía, buceo con instructor PROFECIONAL, clases de baile, transporte a la playa y a la montaña, “EL SALTO DEL CABURNI” un lugar muy interesante con un parque natural y un agradable micro clima,. Somos su mejor opción para alojarse en la ciudad de Trinidad de Cuba y sentirse como en su propia casa. En la Casa Juan Carlos Orbea y la China encontrará la mejor combinación para su descanso y comodidad: excelentes y confortables instalaciones, atención personalizada, buen servicio y amabilidad. Nuestros valores son exigencias diarias que cumplimos en una labor de equipo y que resumimos en responsabilidad, honradez, orden, limpieza, puntualidad y amor al trabajo que realizamos; todo encaminado a ofrecer un servicio de calidad a nuestros clientes.<br></p>','Juan Carlos Orbea','Francisco Peterssen # 183 (Chinchiquirá) e/ Mario Guerra y Rosario','(53) (41) 993442   (53) (5) 2711782','info@casajuancarlosorbeaylachina.com',2,NULL,5,NULL,NULL,NULL,NULL,0,0,NULL,NULL,NULL,NULL),(179,1,7,1,'casa-marta-martinez-lugones','Casa Marta Martinez Lugones','<p>Casa de Martha Inn tiene un cuarto individual de alquiler, en el segundo ras con ras de la casa. Hay espacio bastante para cuatro personas. El cuarto tiene acceso a una terraza pequeña, resaltos para invitados permaneciendo en la casa, de allí usted tendrá vistas de la ciudad panorámicas bellas y los contornos. Dentro del cuarto hay aire acondicionado, abanicos, tv, piscina, congelador y cuarto de baño del soldado raso con agua frío y caliente durante todo el día.<br>Cualquier tiempo del día usted puede exigir mucho para el servicio gastronómico para la familia En Trinidad tenemos excursiones como a caballo yendo en coche, bailando lecciones, reembarques en taxi para los destinos diferentes y algún otro desayuno.<br></p>','Marta Martinez Lugones','Piro guinart 243 % Vicente Suyama e Independencia','(53)(41)-994364 (53)01 52448284','yipsyh@yahoo.es',2,NULL,5,NULL,NULL,NULL,NULL,0,0,NULL,NULL,NULL,'545edd726bafc.jpeg'),(180,1,7,1,'casa-norma-y-humberto','Casa Norma  y Humberto','<p>Todos nuestros cuartos tienen cuartos de baño privados con agua caliente de frío y, aire acondicionado y abanicos. La sala de estar es equipada con repdroductor de cds, vídeo casetera y TV. Usted puede hacer uso de nuestra cocina muy espaciosa cualquier tiempo que usted necesita en caso usted prefiere preparar sus comidas.<br>Estamos ubicados en el corazón muy histórico de la ciudad, cuál le permite a nuestros invitados estar en distancia que se puede recorrer a pie fácil de cualquier lugar de interés. La Plaza Mayor, uno de nuestros centros de atracción en la ciudad, está sólo en un paseo 10 min, y en este lugar que usted encontrará todos los museos, La Cámara de Música, La Viña del Señor y la Estación de Autobuses. En Marti Street, subir por este le traerá dentro de algunos minutos para Carlos Manuel de Cespedes Park con atracciones maravillosas como La Cámara de Cigarro del Cubano y La Cámara de Ron del Cubano. , en cuál usted puede obtener toda la información turística que usted necesita, así como también registra cualquiera de las actividades increíbles esta ciudad tiene que ofrecerle.<br></p>','LANDY PENA AGUILA','FRANK PAIS 391 between Simon Bolivar and Francisco Javier Serquera.','(53) (41) 994606  (53) (01) 2683841','landy2078@hotmail.com',2,NULL,5,NULL,NULL,NULL,NULL,0,0,NULL,NULL,NULL,NULL),(181,1,7,1,'casa-novoa','Casa Novoa','<p>Casa Novoa está localizada en Casilda, a 4 kilómetros de Trinidad (declarada por la UNESCO como Patrimonio de la Humanidad) y cerca de Playa Ancón, una hermosa playa de arenas blancas.Construida en el año 2009, la habitación es amplia y acogedora, está situada en el segundo piso, el cual es accesible por escaleras y cuenta con una entrada independiente a la utilizada por los dueños.Ofrece además:Parqueo interno a cielo abierta,TerrazaAire acondicionado & Ventilador Cocina pequeña y utensiliosRefrigerador con servicio minibar.Cantidad de camas a pedido.Baño privado (Incluye secadora de pelo)Desayuno/Almuerzo/Comida/Coctelería a pedido.Agua fría y caliente las 24 horas del día (Baño y Cocina, Lavandería Balcón con vista a la bahía de CasildaLimpieza diaria.Transportación hacia y desde el aeropuerto de Santa Clara o Cienfuegos o para excursiones a pedido.<br></p>','Georling Narciso Novoa García','Valdespino # 65 B entre Real y Jovellanos. Casilda.','(53) (41) 995393   (53) (5) 3938677','georling2004@yahoo.es',1,NULL,5,NULL,NULL,NULL,NULL,0,0,NULL,NULL,NULL,'545ee4b681f3e.jpeg'),(182,2,7,1,'casa-ruth','Casa Ruth','<p>Rentamos vivienda completa, independiente, moderna y céntrica que cuenta con:Planta Baja: sala, dos habitaciones con baño cada una, cocina comedor, patio, jardín y parqueo.Primer nivel: Recibidor, cocina, comedor, dos habitaciones con baño intercalado, balcón y terraza.Tienen agua fría y caliente las 24h, aire acondicionado, ventiladores, refrigerador, tv, y todas las comodidades que hace una estancia perfecta.Se ofertan servicios de desayuno, almuerzos y cenas que se sirven en el jardín,también servicios de bar, taxi, internet y otros.Se pueden rentar juntas o independientes. <br></p>','Ruth Martín Rodríguez','Calle  Frank País No. 38 e/Eliope paz y Manuel Fajardo.','(53) (41) 994396  (53) (5) 3130060','ruth2012ymario@gmail.com',4,NULL,5,NULL,NULL,NULL,NULL,1,0,NULL,NULL,NULL,'54935e2a24659.jpeg'),(183,1,1,1,'casa-zenia','Casa Zenia','<p>Casa colonial construida en los anos 1800 , situada en la calle principal de la ciudad de trinidad donde le queda cerca cualquier actividad a realizar incluyendo el cambio de moneda . La belleza de la casa es la amplitud de su patio. Las habitaciones son claras y frescas por ventanas en direcciona a este . Cada cuarto tiene su bano interior con agua caliente 24 ademas que cada habitacion esta climatizada.En nuestras ofertas estan las recetas caseras acompanadas por nuestro gril en medio del patio .Nuestra puerta esta abierta a su visita gracias Familia Cadalso.<br></p>','Zenia Cadalso Padilla','Camilo Cienfuego 265 Entre Maceo y Francisco Cadahia','(53) (41) 994834  (53) (5) 2811670','zeniacadalso@ymail.com',2,NULL,5,NULL,NULL,NULL,NULL,0,0,NULL,NULL,NULL,NULL),(184,3,7,1,'casa-zenia-ana','Casa Zenia-Ana','<p>Casa independiente situada en el centro histórico de la ciudad de trinidad a solo 2 minutos del bar la cancharara muy famoso por típico coctel y su agradable música . La casa cosiste de 2 cuartos cada uno con su baño independiente ,sala de estar ,cocina y una terraza donde el turista se puede relajar disfrutando de la belleza del paisaje desde la misma se ven las montañas del escambray , la costa y las torres mas antiguas y famosas de la cuidad .<br></p>','Zenia Cadalso Padilla',NULL,'(53) (41) 994834   (53) (5) 2811670','zeniacadalso@gmail.com',2,NULL,5,NULL,NULL,NULL,NULL,0,0,NULL,NULL,NULL,NULL),(185,3,7,1,'hostal-casa-elio','Hostal Casa Elio','<p>Residencia Cubana tradicional desde principio del primer tiempo del estilo neoclásico del siglo veinte y la influencia. Tiene una distribución especial de sus apartamentos. Tiene un patio detrás de la casa con plantas típicas bonitas cubana y un techo de palma donde la cena y el desayuno están servidos. Además usted puede disfrutar la vista panorámica de nuestra terraza pasando por alto ciudad, montañas y mar.<br>Tiene un gablete inclinado del shingled tiene dos arcos que dividen el espacio interior de la decoración del cuarto que han logrado adecuado esa vez, proveyendo dos cuartos para alquiler con las influencias y las tradiciones de la Trinidad y el uso de terrazas para sol cosechando y la recreación.<br>La casa tiene 2 cuartos con cuarto de baño privado, aire acondicionado, agua caliente de frío y 24 horas, 220 servicio de electricidad V, refrigerador, decorada con colores ligeros y armónicos natales de nuestra cultura, y los enseres acogedores para una permanencia feliz en ella. También presenta una vista panorámica a través de la ciudad y las montañas.<br><br></p>','Elio Veidis Ramos Sánchez','Lino Peréz 159 e/Frank País y Pedro Zerquera','(53) (41) 996552   (53) (5) 3376837','elioramos54@hotmail.com',2,NULL,5,NULL,NULL,NULL,NULL,0,0,NULL,NULL,NULL,'545eea50a6088.jpeg'),(186,1,7,1,'hostal-casa-la-milagrosa','Hostal Casa La Milagrosa','<p>Alquiladas dos grandes y confortables habitaciones, cada unacon dos las camas dobles. Tienen  caja fuerte, el cuarto de baño privado con agua caliente y frío 24 horas, y refrigerador. Una tiene un balcón pasando por alto la calle y el otro acceso del mono para la terraza dónde servicios diversos es realizado con BBQ, lindo y los puntos de vista diferentes toman el sol aumentando y sedimentándose, se puede observar el área montañosa de Topes de Collantes, centro de la ciudad histórico, playa y Ancón del Hotel, el alcance del cliente es percepción como familia en su casa y luego salga con un deseo al regreso, como haga a las muchas personas, ¡Mila y Bury están a la espera!!!!<br><br></p>','Milagros Villafaña Botell','Calle Miguel Calzada (Borrel) # 55A, entre Camilo Cienfuegos y Jesús Betancourt','(53) (41) 994932  (53) (5) 2967168','mila7264@yahoo.es',2,NULL,5,NULL,NULL,NULL,NULL,0,0,NULL,NULL,NULL,'545eeda3b9f91.jpeg'),(187,1,7,1,'hostal-casa-lugarda','Hostal Casa Lugarda','<p>Se encuentra situada en zona centro, a dos cuadras del centro histórico de la ciudad. A 3 cuadras y media del Parque Central de la ciudad.Nuestra casa cuenta con cuarto climatizado, mini bar, ventilador, baño independiente con agua fría y agua caliente, cuenta además con una terraza con dos sillones donde brindamos servicio de desayuno, almuerzo, merienda y comida, ofrecemos servicio de parqueo, monta de caballo con guía de experiencia, alquiler de bicicletas, clases de baile, clases de español. Esta casa esta solamente 100 metros de el casco histórico, a dos minutos de el café Internet, a tres minutos de el cajero automático y de los buroes de turismo donde usted puede hacer reservaciones para todas las ofertas que se brindan en nuestra ciudad y mas ahora en la gran celebración por los 500 años de fundada la villa de Trinidad 1514 2014.<br><br></p>','Lugarda Bravo Carrazana','calle Santiago Escobar # 156 entre Frank País y José Martí.','(53) (41) 993164  (53) (5) 8107649','casalugardatrinidad@gmail.com',1,NULL,5,NULL,NULL,NULL,NULL,0,0,NULL,NULL,NULL,NULL),(188,1,7,1,'hostal-cuba','Hostal Cuba','<p>OSTAL CUBA es una casa privada encantadora (B y B), metros 30 equitativos hallados del Mar Caribe (en Playa La Boca), teniendo el placer al que darle la bienvenida a todos los viajeros de cualquier país o la region, tenemos una gran experiencia y un profesionalismo, convertiremos su vacación en memorias inolvidables, en nuestra casa en usted siempre será el centro de nuestra atención.<br>En nuestros cuartos lujosos, confortables con aire acondicionado,  usted tendrá su propio cuarto de baño privado, su caja fuerte, su minibar, y agua caliente 24 horas. Las toallas, la ropa de cama serán incluidos.<br>Los cuartos pueden ser soltero, doble o gemelo todo con colchones modernos \"tipo de memoria\".<br>También tenemos en nuestro cuarto de relajación con una selección grande de libros y los adeudos de juegos.<br>Para usted también, si usted desea, en nuestro restaurante que usted puede disfrutar una colección variada de comida cubana preparada diariamente con ingredientes recientes y cuidadosamente seleccionados, por supuesto que usted puede no perder nuestros mejores vinos para acompañar sus platos todo el tiempo. Pues nuestros invitados con enfermedad celíaca tenemos apretadamente controlares los platos \"el gluten gratuitamente\", de arrancadores para postre.<br>También tenemos disponibles, el servicio de la internet así es que usted pueda permanecer en toque con amigos y familia. (El recargo por servicios aplicado).<br>Le ofrecemos la posibilidad a hacer llamadas gratuitamente locales y nacionales.<br>Nuestros invitados pueden hacer llamadas internacionales directamente de nuestra casa sin tener que viajar para la cabaña próxima, (el recargo por servicios aplicó tasas adecuadas).<br>En la terraza de aire libre del segundo piso usted puede disfrutar que nuestra \"solana\" con una vista magnífica de los Escambray Mountains y el Mar Caribe simplemente algunos metros fuera de usted, que usted también puede disfrutar las puestas de sol inolvidables acompañó por los mejores cocteles del cubano.<br>El servicio privado del Taxi está también disponible 24 horas.<br>Si usted quiere hacer visitas o excursiones, tenemos una gran variedad de ofertas, algo semejante como las visitas para museos, las cascadas, a caballo yendo en coche, la escafandra buceando, snorkeling, bailamos y lecciones de arte culinario del cubano.<br>De nuestro hotel podemos arreglar reembarques y alojamiento a todo lo largo de la isla, siempre en los autos más confortables y la mayoría de precios ventajosos.<br><br></p>','Elpidio Concepcion: Licence  011649','Calle C Nr.2A e/c Calle Real y Ave. del Mar Playa La Boca. Trinidad','(53) (41) 993651   (53) (5) 2617921','hostal_cuba@yahoo.it',1,NULL,5,NULL,NULL,NULL,NULL,0,0,NULL,NULL,NULL,'545ef19815c38.jpeg'),(189,1,7,1,'hostal-don-lino','Hostal Don Lino','<p>En este ambiente doméstico que usted puede disfrutar único: Experimenta deleites el paladar, los cocteles y bebe, todo para su sabor y su preferencia. Un encuentro con la mayoría de historia de indigenos y nuestras tradiciones. El General del Ejército que Libera Cubano, Don Lino Perez Y Muñoz, vivido aquí. Él es un patriota notable de Trinidad. La Anfitriona, Ileana Martinez, es graduada en Hotel y Negocios que Provee de Comida Y Bebida y habla inglés. Ella prepara los platos vegetarianos deliciosos. Ella también puede enseñar cocinar al cubano y los platos trinitarios. Su marido es Ángel Oscar Diego, quien es de tataranieto del General Don Lino.<br></p>','Ileana Martinez','Camilo Cienfuegos 269, e/Francisco Cadahia y Antonio Maceo','(53) (41) 993261','reserve@hostaldonlino.com',1,NULL,5,NULL,NULL,NULL,NULL,0,0,NULL,NULL,NULL,NULL),(190,1,7,1,'hostal-dona-barbara','Hostal Doña Bárbara','<p>En nuestra casa usted siempre será bien recibido, encontrará limpieza, confort, tranquilidad, seguridad y un buen trato de parte de todos, además de una información completa para satisfacer<br>todas necesidades que usted necesite.<br>Nuestro hostal cuenta con 2 habitaciones con ventanas hacia un patio interior, una con minibar, ventilador, aire acondicionado, baño independiente con agua fría y agua caliente. Terrazas,Patio de cemento.<br>mini bar, Electricidad 220 V, Coctelería, Hospedaje,Servicio de parqueo, Alquiler de caballos con guía de experiencia, Buceo con guía de experiencia, Alquiler de bicicletas, Clases de baile, Clases de español, Servicio de lavandería, Servicio de taxis para excursión y viajes, Servicio de Masajes.<br>Rebaja por estadías superiores a 5 días.<br><br></p>','Maria Barbarita Puentes Calzada','calle Jesús Menéndez (Alameda) #94, entre Colon y Agustin Bernal (Paz)','(53) (01) (41) 994226    (53) (5) 3130098','mariabarpuentes2012@gmail.com',2,NULL,5,5,NULL,NULL,NULL,0,0,NULL,NULL,NULL,'54612f5d96f87.jpeg'),(191,1,7,1,'hostal-dr-suarez-y-sra-addys','Hostal Dr. Suárez y Sra. Addys','<p>Hostal Dr. Suárez y Sra Addys están en el centro de Trinidad, muy cerca de la vieja ciudad. Nosotros ofertamos doshabitaciones cómodas, cada una tiene corriente alterna, televisión, minibar, el secador de pelo, el cuarto de baño privado, el agua caliente y frío y veinticuatro horas. Un cuarto tiene dos camas dobles y el otro tiene una cama doble. La casa tiene dos terrazas bellas con una vista hacia el centro de la ciudad y las montañas circundantes. En la terraza (si se desea) usted puede disfrutar comida criolla deliciosa todos los productos recientes y marinos.<br></p>','Jose Angel Suarez','174 Santiago Escobar entre Jose marti y Frank Pais','(53) (41) 992422   (53) (5) 8070303','addystrinidad@gmail.com',2,NULL,5,NULL,NULL,NULL,NULL,0,0,NULL,NULL,NULL,'546130a9ed817.jpeg'),(192,1,7,1,'hostal-el-chino-y-rosua','Hostal El Chino y Rosua','<p>En nuestra casa usted siempre será bien recibido, encontrará limpieza, confort, tranquilidad, seguridad y un buen trato de parte de todos, además de una información completa para satisfacer todas necesidades que usted necesite.<br></p>','Reinier López Vazquez','calle Gustavo Izquierdo (Gloria) #23, entre Colón y Rosario, Trinidad.','(53) (41) 994578  (53) (5) 3657669','chinoyrosua@gmail.com',2,NULL,5,NULL,NULL,NULL,NULL,1,0,NULL,NULL,NULL,'546131ab9ef40.jpeg'),(193,3,7,1,'hostal-el-gallego','Hostal El Gallego','<p>En nuestra casa usted siempre será bien recibido, encontrará limpieza, confort, tranquilidad, seguridad y un buen trato de parte de todos, además de una información completa para satisfacer todas necesidades que usted necesite.<br></p>','Daymaris Albo Cabrera',NULL,'(53) (41) 994425  (53) (5) 2447850','hostalgallegotrinidad@gmail.com',2,NULL,5,NULL,NULL,NULL,NULL,0,0,NULL,NULL,NULL,'5461336b58d65.jpeg'),(194,2,7,1,'hostal-isora-y-ruben','Hostal Isora y Rubén','<p>Nuestra casa está localizada en el centro de la ciudad 2 bloques del centro histórico, tiene dos dormitorios cada uno con cuarto de baño, aire acondicionado, agua caliente de frío y 24 horas que ambos tienen dos camas dobles, una terraza. El turista puede disfrutar ade diferentes atracciones como: lecciones de  baile, servicio del taxi, caballo de paseo, cascadas, buceando, viajan para las montañas de Topes de Collantes 900msnm ríos conocidos, cascadas y momentos agradables.<br><br></p>','Jose Enrrique Ramirez Mendicuaga','Anastasio Cárdenas 369 A entre Simón Bolivar y Francisco Javier Zerquera','(53) (41) 993143   (53) (5) 3561898','josekire76@gmail.com',3,NULL,5,NULL,NULL,NULL,NULL,0,0,NULL,NULL,NULL,NULL),(195,1,7,1,'hostal-juani','Hostal Juani','<p>Esta casa está centralmente ubicada, a la vuelta de la esquina de los Parque Cespedes. Juani y su familia le ofrecen un cuarto enfriado por aire confortable con dos camas, refrigerador, abanico, baño privado, servicio del lavandero y lecciones españolas e inglesas entre otras facilidades. En esta casa colonial usted puede disfrutar la tranquilidad del patio grande, huerto y terraza, Cuban Mojitos, cena y desayuno   delicioso y el   placer de vivir con una familia amigable y preciosa de oratoria de inglés del cubano.<br><br></p>','juani Ma.Saenz Morales','Jose Marti 169 e/Camilio Cienfuegos y Lino Perez','(53) (41) 992531','nancyrd63@yahoo.es',1,NULL,5,NULL,NULL,NULL,NULL,0,0,NULL,NULL,NULL,NULL),(196,1,7,1,'hostal-familia','Hostal familia','<p>Nuestra casa particular esta situada en Trinidad, unas de las ciudades coloniales mas turísticas de Cuba, Nuestra casa es el hostal ideal si usted desea vivir una experiencia única con una familia cubana , nuestro alojamiento es recomendado por muchos turistas, los cuales han plasmado sus criticas en varios sitios de viajeros como es le caso de tripadvisor, en nuestro hospedaje encontrara habitaciones de renta independientes muy confortables, con dos camas cada una, una de ellas con balcón, aire acondicionado, agua fría y caliente 24 horas, refrigerador, cocina, garaje, terraza con una hermosa vista al mar y las montañas de topes de collantes, también ofrecemos servivio de desayuno y comida así como clases de español y de baile, buceo y renta de bicicletas.<br></p>','Diego Soler Andrade',NULL,'(53) (41) 998510 (53) (5) 2473886','info@trinidad-casas-particulares.com',2,NULL,5,NULL,NULL,NULL,NULL,0,0,NULL,NULL,NULL,NULL),(197,1,7,1,'hostal-la-lluvia-de-oro','Hostal La Lluvia de Oro','<p><br></p>','Minerva Blandino Mena',NULL,NULL,'blandinominerva@gmail.com',2,NULL,5,NULL,NULL,NULL,NULL,0,0,NULL,NULL,NULL,'54613c1ed782e.jpeg'),(198,1,7,1,'hostal-lili','Hostal Lili','El Hostal Lili es una de las longevas viviendas de la calle Amargura, el barrio más antiguo de la Ciudad, posee altas ventanas con balaustres de madera elaborados artesanalmente, puertas de Cedro adornadas con hileras de clavos redondos, espaciosa sala y comedor, amplio patio de losas de barro desgastadas por el tiempo. Es una de las viejas casas de Trinidad que se han conservado pese al transcurso de los años y mantiene su estructura original con sus anchas paredes de más de 250 años y tejados con aleros salientes. Se vive aquí la atmósfera de antigüedad, encanto y romanticismo que envuelve al Centro Histórico de la Villa.En las terrazas del inmueble se tiene acceso a excelentes vistas del poblado, el Mar Caribe y las Montañas del Escambray, puede tomar el sol o disfrutar de la brisa bajo la sombra de centenarios árboles de mango.No obstante a su ambiente colonial, los huéspedes cuentan con la comodidad de la vida moderna en sus habitaciones dobles, climatizadas, con baño privado, agua fría y caliente las 24 horas, ventiladores, mini bar y ventanas al exterior. Se brindan servicios de gastronomía, cocteleria cubana, parqueo y lavandería.Lili y Gustavo se encuentran disponibles en todo momento y habitan la casona junto a su hijo Cristian formando una familia de 3 personas que garantiza la tranquilidad de su estancia. Ubicados a solo 200 metros de la Plaza Mayor se camina fácilmente hasta los principales museos y centros nocturnos de la zona. La terminal de ómnibus es también cercana al igual que los puntos para tomar transporte hacia la playa, el Valle de los Ingenios o las Montañas. Se cuenta con mapas-guía del territorio de forma gratuita.<br><br>','Liliana Tamara Alonso Rodriguez','Juan Manuel Marquez (Amargura) 108 e/ Ciro Redondo y Bartolome Rivas Zedeño. Trinidad. Sancti Spiritus CP 62600.','(53) (41) 994444  (53) (5) 2711520','lilicuba2011@gmail.com',2,NULL,5,NULL,NULL,NULL,NULL,0,0,NULL,NULL,NULL,'54613de723315.jpeg'),(199,1,7,1,'hostal-manantial-de-la-vida','Hostal Manantial de la Vida','<p>Casa Colonial de la década de 1870, doble entrada, con sala, saleta, cuartos, terrazas, balcón, baños en cada cuarto, cocinas. Se encuentra a 2 cuadras del Casco Histórico y del Centro de la Ciudad.<br><br></p>','Marlene Naranjo Ruíz',': Frank País # 454 e/ Fidel Claro y Simón Bolivar','(53) (41) 993164  (53) (5) 4126810','manantialdevidatrinidad@gmail.com',2,NULL,5,NULL,NULL,NULL,NULL,0,0,NULL,NULL,NULL,'54613f160bb49.jpeg'),(200,1,7,1,'hostal-marilu-y-nelson','Hostal Marilu y Nelson','<p>Nuestra casa está conformada por 3 habitaciones independientes a la familia,cada habitación posee 2 camas matrimoniales,baño interior en cada habitación con agua fría y caliente las 24 horas del día,con nevera en cada habitación,aire acondicionado.Una de las habitaciones está en el primer nivel y 2 en el segundo nivel con 2 terrzas cn vista al Casco Histórico de la ciudad.Ofertamos platos de comida criolla cubana y buenos tragos,buena música cubana,juegos de dominó en familia,desayunos,meriendas y lo más importante se sentirán en familia.Somos 4 personas en la familia,somos una pareja con 2 niños,uno de 13 años y otro de 18 años,Carlos es enfermero y con una excelente peluquera.Ofertamos clases de español,salsa,buceo,montas a caballo,juegos de dominó en casa,además de comidas criollas,cocteles como Mojito,Cuba Libre y Canchanchara<br><br></p>','Nelson Eduviges Orbea Faortuny','Santiago Escobar 172 entre Frank Pais y Jose Marti.','(53) (41) 992899  (53) (5) 2489801','hostalmarilu@yahoo.es',3,NULL,5,NULL,NULL,NULL,NULL,0,0,NULL,NULL,NULL,'5461463f9080d.jpeg'),(204,1,7,1,'hostal-teresa-ponce','Hostal Teresa Ponce','<p>Casa Colonial de la década de 1903, doble entrada, con sala, saleta, cuartos, terrazas, balcón, baños en cada cuarto, cocinas. Se encuentra acerca del Casco Histórico y del Centro de la Ciudad. Si quiere disfrutar de un inolvidable viaje y tener una estancia agradable aqui esta su opcion.<br></p>','Cesar Gonzales Ponce','Francisco Petterssen(callejón del COCO) #165 e/ Mario Guerra y Fco. J. Zerquera, Trinidad , SS.Cuba','(53) (41) 992441','cesargonzales@gmail.com',4,NULL,5,NULL,NULL,NULL,NULL,0,0,NULL,NULL,NULL,'54614991e96e3.jpeg'),(205,1,7,1,'hostal-victor','Hostal Victor','<p>En nuestra casa usted siempre será bien recibido, encontrará limpieza, confort, tranquilidad, seguridad y un buen trato de parte de todos, además de una información completa para satisfacer todas necesidades que usted necesite.<br><br></p>','Victor Manuel Valmaseda Arencibia','calle Frank Paìs (Carmen) #381, entre Simòn Bolìvar (Desengaño) y Francisco J. Zerquera (Rosario), Trinidad','(53) (41) 998679','hostalvictor381@gmail.com',2,NULL,5,NULL,NULL,NULL,NULL,0,0,NULL,NULL,NULL,NULL),(206,2,7,1,'hostal-y-restaurant-daniel-en-trinidad','Hostal y Restaurant Daniel en Trinidad','<p>En nuestra casa usted siempre será bien recibido, encontrará limpieza, tranquilidad, seguridad y un buen trato de parte de todos. Si usted desea pasar una estancia inolvidable no dude en venir a nuestra casa donde recibira una atencion exclusiva.<br></p>','Daniel Vázquez Rosa',NULL,'(53) (41) 994395','hostaldanieltrinidad@gmail.com',3,NULL,5,NULL,NULL,NULL,NULL,0,0,NULL,NULL,NULL,'5461525e79d2e.jpeg'),(207,1,19,1,'casa-de-rosa','Casa de Rosa','<p>En el mismo centro, en el corazón de La Habana… abierta desde el 2004 Casa de Rosa, le hará sentir como en casa, con total confort, independencia y seguridad. Estamos para contribuir a que su estancia en Cuba sea el mejor de sus recuerdos. Nuestra concepción de trabajo es <br>es de alojamiento económico, con precios asequibles y de buena seguridad.<br></p>','Rosa Villamil Allende  Licencia 531/04','Oquendo # 664 Apto #15 e/ Carlos III y Estrella.','(53) (7) 8736746  (53) (5) 2501286','rosavi31@yahoo.com',3,NULL,5,NULL,NULL,NULL,NULL,0,0,NULL,NULL,NULL,NULL),(210,2,19,1,'casa-de-sunamy-y-michel','Casa de Sunamy y Michel','<p>Alquilamos amplias y ventiladas habitaciones con una cama doble y la posibilidad de sumar a otro personal, aire acondicionado, el cuarto de baño privado con y agua fría y caliente 24 horas, el refrigerador, la TV y el teléfono. Tiene acceso a un balcón independiente del cual el mar es divisado. El precio no incluye el desayuno. También le ofrecemos comidas deliciosas y abundantes del cubano. Tiene mucha seguridad<br></p>','Julio Uria González             Licencia: 97910','San Rafael # 752 btwn Oquendo & Marqués González, Centro Habana. Cuba','(53) (7) 8700937   (53) (5) 2649652','juriag@infomed.sld.cu',1,NULL,5,NULL,NULL,NULL,NULL,1,0,NULL,NULL,NULL,'54629073d0334.jpeg'),(211,1,19,1,'casa-emilia','Casa Emilia','<p>En el corazón de La Habana, desde el 2005… la Casa Emilia, le hará sentir como en su casa, con privacidad y confort, contribuyendo a que su estancia en Cuba sea el mejor de sus recuerdos. Disponemos de una habitación confortable con 2 camas (matrimonial y personal), aire acondicionado, TV, nevera, ventilador, espejo y mesa de tocador; se incluye: toallas, ropas de cama, además de baño privado con agua caliente <br></p>','Emilia Mató Pérez   Licencia: 541/05','Belascoaín #764 1er piso apto #25 e/ Sitios y Maloja, Pueblo Nuevo','(539 (7) 8793247   (53) (5) 2633588','casarentaemilia@gmail.com',1,NULL,4,5,NULL,NULL,NULL,1,0,NULL,NULL,NULL,'546ac4f3d89d0.jpeg'),(212,1,19,1,'casa-helena','Casa Helena','<p>En Casa Helena usted recibirá un tratamiento familiar, una atención personal, información y seguridad. Garantizamos una permanencia confortable y agradable en nuestra casa. Los invitados pueden relajarse en nuestro salón y nuestra terraza donde usted puede disfrutar una biblioteca de coctel de bienvenida, de la TV y DVD y puede alcanzar a los amigos y la familia por Internet. Además de proveerle los servicios de comida a nuestros clientes con una despensa de cocina.<br><br></p>','Elena Milanés Solano','Ave. Infanta #1151 esquina a, Santo Tomás,','(53) (7) 8791329','elena.milanes@yahoo.es',2,NULL,5,NULL,NULL,NULL,NULL,0,0,NULL,NULL,NULL,'5462936541c0a.jpeg'),(213,1,19,1,'miriam-hostal-colonial','Miriam Hostal Colonial','<p>Nuestra Casa es una casa colonial auténtica de estilo remontándose a 1883. Es muy fresco y soleado, con espacios comunes grandes, las áreas de fumadores, un balcón soleado y un patio interior. Estas particularidades hacen nuestro hostal un gran lugar para encontrar a otros viajeros y al mismo tiempo disfrutar hospitalidad del cubano de nuestra familia. Le ponemos buena cara al esmero acerca de nuestros invitados.<br></p>','Miriam Glez Castro','Lealtad 206. First floor.Entre Virtudes y Concordia street','(53) (7) 8631657  (53) (5) 2736001','ygon28@yahoo.es',4,NULL,5,NULL,NULL,NULL,NULL,0,0,NULL,NULL,NULL,'546294d5d82a8.jpeg'),(214,1,19,1,'casa-senora-luisa','Casa Señora Luisa','<p>La Sra. Luisa tiene un hermoso apartamento en el centro de la Habana, cerca de lugares turísticos, entretenimiento y ofertas de anuncios publicitarios, cuenta con  3 confortables y comodas habitaciones con aire acondicionado con cuarto de baño privado con agua caliente y fria 24 horas, refrigerador, TV, etc Ofertan servicios extras como: La gastronomía, el taxi, la lavandería, la recepción las 24 horas y la información turistica,  Usted tendra una experiencia inolvidable en una casa de dominio cubano.<br><br></p>','Luisa  Ferrer Pérez    Licencia:558/2001','Márquez González No. 751 esq. Sitios, alto, apto 1. Pueblo Nuevo','(53) (7) 8785131   (53) (5) 3174647','casarentaluisa@gmail.com',3,NULL,5,NULL,NULL,NULL,NULL,1,0,NULL,NULL,NULL,'54629ad7ed4d7.jpeg'),(215,1,19,1,'osiris','Osiris','<p>Alquilamos dos cuartos en límite Central Havana Vedado, posición muy central, 200 metros de Bim Bom y Cupet Pier 23 y cuál incluyen: El cuarto de baño dentro del cuarto, desayuno, caja fuerte, refrigerador, aire acondicionado. También proveemos servicio del taxi 24 horas que puede incluir colección y transporte para el aeropuerto. Rentamos dos habitaciones en Centro Habana límite vedado, lugar muy céntrico. En los meses de temporada baja se incluye como oferta especial el desyauno<br></p>','Osiris',NULL,'(53) (7) 8794307   (53) (59 3522063','osirisvalido@gmail.com',2,NULL,5,5,NULL,NULL,NULL,0,0,NULL,NULL,NULL,'54629be639fd0.jpeg'),(216,1,19,1,'casa-san-rafael','Casa San Rafael','<p>Bienvenido a nuestro bonito, renovado y espacioso apartamento del piso 2. Apartamento colonial en una posición que es ardua para palpitar.Menos de 200m para el Teatro y parque central en una calle única peatonal bien iluminada. Usted estarà a sólo un paseo corto de Paseo Prado y de todos los sitios de inclusivo, Casa de la Musica, la Habana vieja, malecon, El Capitolio y bastante más.abana vieja, malecon, El Capitolio and much more. <br><br></p>','Yoan Baez Alfonzo','San Rafael No.158 1er. Piso Apto 204','(53) (5) 2768879 2713011','homepro1@rogers.com',2,NULL,5,5,NULL,NULL,NULL,0,0,NULL,NULL,NULL,'54629d94c23ad.jpeg'),(217,1,19,1,'casa-zenaida','Casa Zenaida','<p>nuestra casa esta muy cerca de los lugares históricos y culturales mas interesantes de la ciudad. todas la habitaciones tienen baño individual. la atmosfera es familiar y tranquila. Si usted quiere pasar unos días inolvidables, con mucha atencion, comodidad, y confort no dude en visitar nuestra casa<br></p>','Gonzalo Galguera','calle industria 14, entre refugio y genios','(53) (7) 8637627','gonzalo.galguera@web.de',3,NULL,5,5,NULL,NULL,NULL,0,0,NULL,NULL,NULL,'54629fe5bd9cb.jpeg'),(218,1,19,1,'casa-david','Casa David','<p>Apartamento ubicado a solo 3 cuadras del capitolio, con vista panoramica de toda la ciudad Bahia de la habana, Plaza de la Revolucion etc., consta de una terraza, donde puede tomar el sol, un cafe o simplemente un mojito con sus amigos de cuba. Usted puede disfrutar libremente de toda la casa, cada habitacion consta de un balcon a la calle, y una hermosa terraza donde podra disfrutar de una vista maravillosa a toda la ciudad,  donde podrá relajarse y tener unos días inolvidables.<br></p>','Paulina Azcuy Azcuy     Licencia: 10153','Gloria 157 e/Cienfuegos y Cardenas','(53) (7) 8631356','casa-david@gmx.de',1,NULL,5,5,5,NULL,NULL,0,0,NULL,NULL,NULL,'5462a183daed5.jpeg'),(220,1,19,1,'elaine','Elaine','<p>Nuestro apartamento consta de 1 dormitorio, sala, cocina/comedor y baño. Es completamente independiente. Está situado en un lugar céntrico de la ciudad. En la zona hay muchas tiendas, mercados, cafeterías. Apartamento está climatizado, con agua fria y caliente.  Además ofrecemos diferentes servicios adicionales<br></p>','Elaine','San Nicolàs 156 bajo Entre Animas y Virtudes','(53) (7) 8609520',NULL,1,NULL,5,5,NULL,NULL,NULL,0,0,NULL,NULL,NULL,NULL),(222,1,19,1,'in-front-of-the-sea','In Front of the Sea','<p>Localizado en la cúspide de Centro Habana y Vedado usted encontrará un cuarto bello pasando por alto el mar y el Malecón Habanero. Usted tendrá el placer de experimentar el sorbo de la puesta de sol de La Habana donde podra disfrutar de Mojito´s, café y otra bebida cubana. Usted no necesitará requerirse cualquier taxis para visitar la vieja parte de ciudad porque es simplemente la distancia que se puede recorrer a pie de 15 minutos de nosotros<br></p>','Elsa Gonzalez     Licencia: 495-04','111 Marina st. aparment 2-a Between Principe and Vapor','(53) (7) 8737355  (53) (5) 2819102','chelycastro@live.com',4,NULL,5,5,NULL,NULL,NULL,0,0,NULL,NULL,NULL,'5462abe73b76b.jpeg'),(223,1,19,1,'piso-20','Piso 20','<p>La casa Alberto (Piso 20) es un detalle muy bello y confortable del casa para su estadia. Está localizado en el piso 20 justamente a  5 minutos caminando a Malecon y 15 min de Habana Vieja, así es que los puntos de vista del casa son realmente asombrosos. Hay un cuarto grande y limpio para alquilar donde usted encontrará bastante espacio para dejar todo su equipaje.<br></p>','Alberto Hernández Fernández','San Rafael # 967, apt. 205 e/ Espada and Hospital','(53) (7) 8739346','albertopiso20@gmail.com',1,NULL,5,10,NULL,NULL,NULL,0,0,NULL,NULL,NULL,'5462adac5872a.jpeg'),(224,1,19,1,'casa-suarez','Casa Suarez','<p>Alquile un apartamento independiente en el primer piso, Hay una habitacion, comedor, un dormitorio (2 camas, el cuarto de baño), una cocina y un balcón grande con una vista excelente. El apartamento tiene muchas ventanas lo cual permite que  entre mucha claridad y brillo de sol. Tiene parqueo<br></p>','Danec Suarez Vergara','475, 20 de Mayo Street, Apartment 1, first floor, between Amenidad St. and Patria St. Havana, Cuba.','(53) (5) 3496914','casasuarezrent@gmail.com',1,NULL,5,NULL,NULL,NULL,NULL,0,0,NULL,NULL,NULL,'5462af1823f47.jpeg'),(225,1,41,1,'candy-house-havana','Candy House Havana','<p>Todo lo que usted esta buscando esta solo a 8 minutos caminando desde Habana. Usted puede disfrutar de una comoda y lujosa habitacion con vista al mar, lo cual hace de nuestra habitacion un recuerdo unico, esta situado en una legendaria area de Cojimar, en el Este de La Habana. Usted podra disfrutar de una estancia tranquila, agradable y economica.<br></p>','Candida Becerra Mosquera','St. Rita 9708, Cojimar, Havana','(53) (7) 662698','info@candyhousehavana.com',2,NULL,5,5,NULL,NULL,NULL,1,0,NULL,NULL,NULL,'5462b1c560a4f.jpeg'),(226,1,42,1,'dulce-oceano','Dulce Oceano','<p>Se rentan 2 habitaciones con cama matrimonial, completamente climatizadas, con agua fria y caliente, ademas usted puede contar con servicios que ofrecemos de gastronomia. Una excelente opcion es nuestra casa. <br></p>','Inacio Sotar','avenida 227 entre 222 Y 236 número 22205',NULL,'infomauspace@gmail.com',2,NULL,5,NULL,NULL,NULL,NULL,0,0,NULL,NULL,NULL,NULL),(227,1,42,1,'villa-don-fèlix','Villa Don Fèlix','<p>Con mas de 800 metros cuadrados de superficie VILLA DON FELIX le ofrece placer y bienestar. Ubicada frente al mar y a espaldas de una colina, es el sitio ideal para aquellos que prefieren el contacto directo con la flora y la fauna. Excursiones, buceo, safari, actividades nocturnas y visitas a lugares de interés son algunas de las actividades que realizan los que en ella conviven. <br></p>','Jorge Felix','Avenida 1era e/n 2y4 #201 Peñon del Fraile','(53) (47) 873891  (53) (5) 2722611','jfmg1969@gmail.com',3,NULL,5,NULL,NULL,NULL,NULL,0,0,NULL,NULL,NULL,NULL),(229,1,29,1,'casa-santa-fe','Casa Santa Fé','<p>Aqui puede encontrar una casa privada, con perfectas condiciones de comfort, en la cual pasara unos magnifico dias, junto a la playa. Tiene una terraza pasando por alto el mar donde podra relajarse y disfrutar de un precioso panorama.<br><br><br></p>','Thatiana Aguilar Gomez','Calle 5ta Avenida no. 27804, entre 278 y 280',NULL,'reservation@casasantafecuba.com',1,NULL,5,NULL,NULL,NULL,NULL,0,0,NULL,NULL,NULL,'5462c89bbbcc4.jpeg'),(230,1,29,1,'casa-guevara-alba','Casa Guevara Alba','<p>Esta casa fue construida en el año 1940, en Miramar. Esta en perfecto estado, muy bien conservada. Se rentan 2 habitaciones, con acceso privado, baño, cocina, cama matrimonial, comedor, y terraza con una relajante vista al mar lo cual permite que usted tenga una estancia mas agradable.<br></p>','Marta Alba Fernàndez     Licencia: 2881','Calle 5ta F Nro 9611 entre 96 entre 98','(53) (7) 2056515  (53) (5) 2716541','mt_alba@yahoo.es',2,NULL,5,5,NULL,NULL,NULL,1,0,NULL,NULL,NULL,'5462cc365d2ee.jpeg'),(231,1,29,1,'casa-jose-mario','Casa Jose Mario','<p>Renovadas y separadas habitaciones para rentar, cada cual privada. Tiene un patio largo muy bonito en el cual podra relajarse.Tienen entrada independiente Cerca hay muchos restaurantes y lugares que pueden interesarle de atraccion turistica.<br></p>','Jose Mario Rebellon','Ave. 3ra No. 3210, bajos e/ 32 y 34, Miramar Playa La Habana, Cuba','(53) (7) 2092332 (53) (5) 3447226','maydel@icaic.cu',2,NULL,5,5,NULL,NULL,NULL,1,0,NULL,NULL,NULL,'5462cd4be1abd.jpeg'),(232,1,29,1,'casa-l','Casa L','<p>Casa independiente y muy comoda, con grandes habitaciones que tienen aire acondicionado. Incluyen agua fria y caliente, seguridad, tranquilidad y discresion. Tambien incluye garaje y desayuno. Ofrecemos servicio de lavanderia, cenas, lavanderia entre otros<br></p>','Teresita Berm','pendiente','(53) (7) 2096665 (53) (5) 3573528','teremary62@yahoo.es',3,NULL,5,NULL,NULL,NULL,NULL,0,0,NULL,NULL,NULL,'5462ceb373028.jpeg'),(233,1,29,1,'casa-mobi','Casa Mobi','<p><br>Felicidades y Gracias por buscar nuestra casa, localizada en el corazón de la Habana, en la avenida 41. Nuestra pequeña y legendaria casa ofrece hospitalidad y 3 equipadas y confrotables habitaciones.  Ofrecemos transporte.<br></p>','Blanqui','calle 41 N°5003 e 50 y 52','(53) (7) 2037997 (53) (5) 2743716','bienvenido@casamobi.ch',3,NULL,5,5,NULL,NULL,NULL,0,0,NULL,NULL,NULL,'5462d01706807.jpeg'),(234,2,1,1,'estudio-alicia','Estudio Alicia','<p>Este espacioso apartamento estudio en Miramar te ofrece privacidad y tranquilidad y todas las conveniencias que necesites en la casa. Este es un bonito y residencial vecindario solo a 15 minutos del centro de La Habana. Tiene una entrada privada por fuera y una hermosa terraza<br></p>','Alicia Maggi Hollands','Calle 36#122 e/ 1ra y 3era','(53) (7) 2091365 (53) (5) 2687428','aliciamaggi2002@yahoo.es',1,NULL,5,5,NULL,NULL,NULL,0,0,NULL,NULL,NULL,'5462d15082d74.jpeg'),(235,3,29,1,'hostal-marijose','Hostal Marijose','<p><br>Se renta casa independiente en Miramar con 3 habitaciones, con sus baños, sala, comedor, cocina, todo climatizado, terraza a todo lo largo de la casa con bary oarrillada, patio de 200 m, cuadrados con garaje doble y solarium, se ofrece swervicio de desayuno, almuerzo, cena y lavanderia.<br></p>','Maritza Carmona Carrillo  Licencia: 0045','calle cero num 511 entre quinta A Y quinta B','(53) (7) 2096216','maritzacc_cu@yahoo.es',3,NULL,5,NULL,NULL,NULL,NULL,0,0,NULL,NULL,NULL,'5462d32ad9114.jpeg'),(236,3,29,1,'meson-del-benny-more-colonial','Mesón del Benny Moré Colonial','<p>Esta hermosa casa colonial fue de uno de los musicos mas famosos de Cuba, en la decada de los 50, llamado Beny More. Esta casa fue completamente renovada en el año 2012. Tiene 3 habitaciones, 3 baños, aire acondicionado, una sala grande, un comedor, jardín,bar, patio y terrza para disfrutar de nuestro calido sol.. 2 estacionamientos, con un coche conductor y personal de seguridad.<br></p>','Aida Anatolia Valdes Leon','calle 44 n°2712 entre  27 y 29','(53) (7) 2051988  (53) (5) 3906018','yorzeika@hotmail.com',3,NULL,5,5,NULL,NULL,NULL,0,0,NULL,NULL,NULL,'5462d82c0e4ac.jpeg'),(238,2,29,1,'casa-susana','Casa Susana','<p>Rentamos un apartamento duplex e independiente, frente al hermoso parque que esta muy cerca del Hospital Cira García.  Es un barrio muy bueno, tranquilo y agradable, ademas de estar cercano a muchos restaurantes y pakladares y a la muy conocida Casa de La Música. Es un apartamento independiente y completamente remodelado.  Tiene un hermoso jardín, garaje, carpoch, sala, cocina y en la parte de arriba una habitacion muy linda con un vestidor.<br></p>','Susana Rieumont               Licencia: 423/03','calle 22 No.3506 entre 35 y 37',NULL,'susanaolivares36@gmail.com',1,NULL,5,NULL,NULL,NULL,NULL,0,0,NULL,NULL,NULL,'5463e37758537.jpeg'),(239,1,6,1,'casa-jorge-y-alicia','Casa Jorge y Alicia','<p>Se rentan 4 habitaciones con entrada independiente,2 con camas cameras y 2 con camas personales, TV, minibar,aire acondicionado, baños privados con agua caliente, area comun con bar y piscina, parqueo privado, servicio de desayuno y cena. Es una bonita y confortable casa.<br><br></p>','Jorge Luis Gonzalez Gonzalez          Licencia: nit 232','Ave 10 # 3903 e/ 39 y41. Punta Gorda','(53) (43) 518359   (53) (5) 2890414','alimarygonzalez@gmail.com',4,NULL,5,NULL,NULL,NULL,NULL,0,0,NULL,NULL,NULL,'5463e552c8824.jpeg'),(240,1,21,1,'casa-adrian','Casa Adrián','<p>Nuestra casa esta solo a 2 cuadras de la Playa, muy cerca!!!! y a solo 7 minutos caminand0 a la Catedral de Baracoa. Nosotros ofertamos una triple o doble habitacion, con aire acondicionado, ventilador, y tiene ventanas, si desea la ventilacion natural, baño privado con agua fria y caliente las 24 horas. Tenemos un jardin hermoso, muy verde, con mucha vegetacion donde podra apreciar matas de mangos entre otras.<br></p>','Adrian Legra Correa      Licencia: 5212150809','Rodney Coutin # 100','(53) (5) 2332916','adrian-legra@excite.com',1,NULL,5,5,NULL,NULL,NULL,0,0,NULL,NULL,NULL,'5463e6e6190e0.jpeg'),(241,1,21,1,'casa-andres-abella','Casa Andres Abella','<p>Con dos amplias y cómodas habitaciones con aire acondicionado, baño privado con agua caliente y fría las 24 horas. Un servicio de catering variado y excelente. También cuenta con otros servicios como teléfono, correo electrónico, servicio de lavandería, clases de salsa, información turística sobre la ciudad y sus alrededores. Casa construida en el período colonial, cuenta con dos dormitorios con baño en suite y uno con terraza privada.<br><br><br></p>','Andrés Abella Fernández','Calle Maceo No. 56 e/Coliseo y Peralejo.','(53) (21) 643298   (53) (5) 3595407','andresabella2012@yahoo.es',2,NULL,5,NULL,NULL,NULL,NULL,0,0,NULL,NULL,NULL,'5463e8d79b03b.jpeg'),(242,1,21,1,'casa-cesar-labori','Casa César Laborí','<p>casa colonial moderna ubicada en el centro de la ciudad de baracoa,a 5 minutos caminando de la estacion de autobuces,5 minutos caminando de la plaza central,casa de la musica,agencias de viajes,oficinas de internet y a 10 minutos caminando de la playa de la ciudad ,la casa es grande y espaciosa con mucha iluminacion y ventilacion natural,tiene en su interior tres terrazas en planta baja y una en planta alta con vista a la ciudad y al mar,cuenta con tres habitaciones climatisadas con ventanas ,tv,aire acondicionado,agua 24 hora fria y caliente ,ventilador,tambien en su interior tiene un lindo y grande jardin tropical con plantas de cafe ,cacao,y arboles frutales del cual los clientes podran tomar ricos jugos naturales,contamos con parqueo en el interior de la casa donde el cliente que tiene carro de renta puede hacer uso de el,en la casa se ofertan servicios de gastronomia ,desallunos,almuerzos ,comidas y cenas,se ofertan tambien claces de baile,masaje profesional,labanderia,alquiler de bicicletas y servicio de guia profecional.le garantizamos una grata estancia en nuestra casa y la completa seguridad para una feliz vacaciones en nuestra ciudad.<br>(Esta información aparecerá en el sitio por lo que le pedimos por favor que sea abúndate en palabras y describa en detalles su renta. Le aseguramos que ayudará a los clientes a seleccionar su renta, diga todos los detalles, cerca de que atracciones turísticas está ubicado, facilidades, años de experiencia, etc.)<br><br><br></p>','Cesar Labori Balga   Licencia; 8920042','jose marti numero 81 ente 24 de febrero y coliceo','(53) (23) 641253  (53) (5) 2911314','cesarlaboribalga@gmail.com',3,NULL,5,5,NULL,NULL,NULL,0,0,NULL,NULL,NULL,'5463eaf53fdc6.jpeg'),(243,1,21,1,'casa-colonial-la-catedrall','Casa Colonial La Catedrall','<p>Hermosa casa colonial, muy fresca, que preserva su estilo colonial desde el periodo que fue construida. Esta  localizada solo a 50 metros de la Catedral de Baracoa, Parque Central, Casa La Trova, Agencia de Voajes Cubatur, y mas centros culturales de la Ciudad. Esta solo a 200 metros del mar. Nuestra casa tiene un jardín con flores muy lindas, una terraza privada para que tenga recuerdos inolvidables de su estancia.<br></p>','Edward Luis Navarro Laborí','Pelayo Cuervo 17, between Marti and Maceo street Baracoa,','(53) (21) 645481','adiscu10@yahoo.com',1,NULL,5,NULL,NULL,NULL,NULL,0,0,NULL,NULL,NULL,'5463ee480be30.jpeg'),(244,1,21,1,'casa-iguana','Casa Iguana','<p>Casa Iguana es una casa colonial situada en el centro de Baracoa. Se ofertan 2 habitaciones para la renta con aire acondicionado, un comedor espacioso, patio trasero en el cual usted puede sentarse y disfrutar de la musica y la comida cubana. esta es una casa de estilo muy bonita y si usted quiere pasar unos dias inolvidables esta es su mejor opcion.<br></p>','Yedismir Grinan Lopez                       License:	89228346','Coroneles Galano, 46','(53) (21) 642075   (53) (5)8 244445','info@casaiguanacuba.com',2,NULL,5,NULL,NULL,NULL,NULL,0,0,NULL,NULL,NULL,'5463f04e88578.jpeg'),(246,1,6,1,'casa-ana-maria','Casa Ana Maria','<p>Casa tipo chalet ubicada en Punta Gorda con dos amplias habitaciones climatizadas cada una con su baño. La casa se encuentra a muy pocos metros del Mar, incluso desde el portal se puede ver. El mayor atractivo de esta casa es la terraza al fondo rodeada de mucha vegetación y donde se sirven los desayunos y cenas ofertados por los dueños. La familia hospedera es muy servicial y culta. El centro de la ciudad se encuentra a 5 minutos en coche.<br></p>','Ana María Rivera',NULL,NULL,NULL,2,NULL,5,NULL,NULL,NULL,NULL,0,0,NULL,NULL,NULL,NULL),(247,1,6,1,'villa-relax-habana','Villa Relax Habana','<p>Hermosa casa con una arquitectura y diseño interior ultramoderno. La casa tiene varios niveles tanto en los pisos como en el techo, lo cual le da al visitante una perspectiva muy agradable de la misma. Cuenta con recibidor, un amplio con bar, terraza y 4 habitaciones climatizadas cada una con baño y caja de seguridad. La casa tiene un servicio de seguridad de 24 horas incluido en el precio de la renta. Esta es una casa de lujo.<br><br><br></p>','villa',NULL,NULL,NULL,4,NULL,5,NULL,NULL,NULL,NULL,0,0,NULL,NULL,NULL,NULL),(248,3,6,1,'apartamento-kybel','Apartamento Kybel','<p>Casa en segunda planta con entrada independiente, garaje, sala, comedor, cocina lista para su uso y 3 habitaciones climatizadas. En los altos hay una agradable terraza rodeada de plantas ornamentales con un área para tomar el sol y un barbecue, donde usted podra sentarse a comer con una hermosa vista al exterior. Se renta la casa completa.<br></p>','Kybel',NULL,NULL,NULL,3,NULL,5,NULL,NULL,NULL,NULL,0,0,NULL,NULL,NULL,NULL),(249,1,6,1,'villa-angel','Villa Angel','<p>Hermosa casa junto al mar en Punta Gorda uno de los más bellos barrios de la neoclásica ciudad de Cienfuegos, también conocida como la \'Perla del Sur\'. Esta familia oferta dos habitaciones climatizadas cada una con baño independiente, freezer, voltaje eléctrico 110 y 220 y plugs estilo americano y europeo. Usted puede hacer uso además de una fresca terraza en la que podrá saborear los mejores pescados rodeado de la agradable brisa marina. Se oferta además servicios de lavandería.<br><br></p>','Angel',NULL,NULL,NULL,3,NULL,5,NULL,NULL,NULL,NULL,0,0,NULL,NULL,NULL,NULL),(250,3,29,1,'apartamento-mayra','Apartamento Mayra','<p>Casa independiente localizada en el barrio residencial de Kholy en el municipio Playa, muy cerca del Vedado y Miramar. La casa tiene mucha amplitud, portal, sala, comedor, cocina y una amplia terraza. Se ofertan 3 habitaciones climatizadas con dos baños. Esta es una excelente opción para una estancia relajada en La Habana en una zona tranquila, de agradable arquitectura y muy cercano a los principales centros de la ciudad.<br></p>','Mayra',NULL,NULL,NULL,3,NULL,5,NULL,NULL,NULL,NULL,0,0,NULL,NULL,NULL,NULL),(252,1,6,1,'villa-los-delfines','Villa Los Delfines','<p>Los Delfines se encuentra ubicada en una zona paradisiaca de Cienfuegos, La Punta de Punta Gorda. Esta zona, junto al centro histórico de la ciudad es Patrimonio Mundial de La Humanidad. La Villa oferta una amplia habitación climatizada con toda la privacidad requerida y las mejores condiciones. La habitación cuenta con dos camas, aire acondicionado, TV, refrigerador y baño. A la salida de la habitación se encuentra una espaciosa terraza-solárium con una vista maravillosa de la bahía de Cienfuegos y las montañas al fondo. La casa oferta servicios de desayunos y cenas que son servidos en la encantadora terraza. Se recomienda esta villa por sus excelentes condiciones y magnifica vista de la bahía.<br><br></p>','Los Delfines',NULL,NULL,NULL,1,NULL,5,NULL,NULL,NULL,NULL,0,0,NULL,NULL,NULL,'546405338f967.jpeg'),(253,1,38,1,'villa-kiki','Villa Kiki','<p>Casa localizada justo junto a la playa Caletón,  Aquí los huéspedes tendrán asegurado un contacto directo con la naturaleza. La casa cuenta con dos habitaciones, cada una con baño, aire acondicionado y terraza con vista directa al mar. <br></p>','Kiki',NULL,NULL,NULL,2,NULL,5,NULL,NULL,NULL,NULL,1,0,NULL,NULL,NULL,NULL),(254,1,32,1,'casa-de-miriam-guerra','Casa de Miriam Guerra','<p>Moderna y espaciosa casa de Camaguey. Localizada muy próxima a los principales sitios de interés de la ciudad. Miriam oferta dos habitaciones climatizadas con baño independiente y refrigerador. Usted podrá disfrutar además de la sala de estar, el comedor y una maravillosa terraza desde la cual podrá apreciar una vista de la ciudad. Servicios gastronómicos y lavandería.<br></p>','Miriam Guerra de la Cruz','Calle Joaquín de Agüero #525 entre 25 de Julio y Perucho Figueredo','(53) (5) 2703252','miriamhouse29@yahoo.com',2,NULL,5,NULL,NULL,NULL,NULL,1,0,NULL,NULL,NULL,'547e44816f969.jpeg'),(255,3,29,1,'casa-de-alberto','Casa de Alberto','<p>Casa totalmente privada con excelente confort y decoración, ubicada en el hermoso barrio residencial Miramar. La casa cuenta con tres espaciosas habitaciones climatizadas, cada una con baño propio. Además, usted disfrutará de una espaciosa sala, la cocina y el comedor. La terraza con vista al mar es muy recomendable para tomar el sol. En la terraza hay un barbecue donde se pueden preparar asados. <br><br><br></p>','Alberto',NULL,NULL,NULL,3,NULL,5,NULL,NULL,NULL,NULL,0,0,NULL,NULL,NULL,NULL),(264,1,39,1,'casa-roger','Casa Roger','<p>Casa con excelente confort y decoración, ubicada en el hermoso barrio residencial Nuevo Vedado. La casa cuenta con tres espaciosas habitaciones climatizadas, cada una con baño propio y TV plasma. Además, usted disfrutará de una espaciosa sala, el comedor y dos terrazas. La cocina está abierta para su uso si así lo desea o puede solicitar los servicios que oferta la familia.<br></p>','Roger',NULL,NULL,NULL,3,NULL,5,NULL,NULL,NULL,NULL,0,0,NULL,NULL,NULL,NULL),(265,1,14,1,'villa-victor-varadero','Villa Victor Varadero','<p>Esta es una de las más lujosas villas de renta en Varadero. Cuenta con 4 habitaciones todas con un elevado confort y muebles con maderas preciosas. Cada habitación tiene climatización, baño, TV plasma de 37 pulgadas y refrigerador. Dos de las habitaciones son triples, tienen una cama queen size y otra personal. Las otras dos son dobles con camas King size. Además, la villa posee parqueo, un amplio jardín con ducha de playa y un hermoso restaurante-bar típico cubano. El dueño de la casa es un profesional de la cocina con una larga experiencia en el sector turístico. La villa se encuentra a un costado del hermoso Parque Josone. La playa está a unos 250 metros de la villa.<br></p>','Victor',NULL,NULL,NULL,4,NULL,5,NULL,NULL,NULL,NULL,0,0,NULL,NULL,NULL,NULL),(266,1,7,1,'mansion-colonial','Mansion Colonial','<p>Majestuoso palacete colonial construido en 1830 por una familia de la aristocracia Trinitaria. Se ubica en pleno centro de Trinidad a escasos 200 metros de la Plaza Mayor. Esta es una de las casas de mayor valor patrimonial de Trinidad. Chirina oferta dos habitaciones climatizadas cada una con baño. Los visitantes a esta hermosa casa colonial disfrutarán mucho del amplio salón colonial y de la terraza típica de este tipo de construcciones.<br></p>','Yirina y Chichi',NULL,NULL,NULL,1,NULL,5,NULL,NULL,NULL,NULL,0,0,NULL,NULL,NULL,NULL),(267,1,1,1,'pent-house-osvaldo','Pent-house Osvaldo','<p>Esta es una excelente y lujosa opción que brinda total privacidad a los clientes. Osvaldo oferta tres habitaciones climatizadas con sus baños. Desde las habitaciones se accede a la terraza desde la cual se observa una vista directa al mar y este barrio residencial. Además de las habitaciones, los clientes pueden disfrutar de una sala con TV y reproductor de CD, cocina con refrigerador y una terraza muy agradable. <br></p>','Osvaldo',NULL,NULL,NULL,3,NULL,5,NULL,NULL,NULL,NULL,0,0,NULL,NULL,NULL,NULL),(268,2,29,1,'apartamento-jorge','Apartamento Jorge','<p>Apartamento con total privacidad y el mejor confort. Cuenta con una amplia habitación doble, con aire acondicionado y baño. El apartamento tiene un portal con vista a una de las principales avenidas de Miramar y al Teatro Karl Marx, el mayor de La Habana y Cuba. Además podrá disfrutar de la sala, comedor, cocina y un baño extra para las visitas. <br><br></p>','Jorge',NULL,NULL,NULL,1,NULL,5,NULL,NULL,NULL,NULL,0,0,NULL,NULL,NULL,NULL),(269,1,19,1,'apartamento-de-olga','Apartamento de Olga','<p>Amplio y confortable apartamento de Centro Habana, localizado a escasas dos cuadras del Prado Habanero y del Parque Central y a tres del Capitolio Nacional. Se oferta dos habitaciones climatizada con excelente confort. El apartamento cuenta con una acogedora sala de estar y un balcón desde el cual podrá disfrutar de la atractiva vista. <br><br></p>','Olga',NULL,NULL,NULL,2,NULL,5,NULL,NULL,NULL,NULL,0,0,NULL,NULL,NULL,NULL),(270,1,19,1,'apartamento-de-yolly','Apartamento de Yolly','<p>Amplio y confortable apartamento de Centro Habana, localizado a escasas dos cuadras del Prado Habanero y del Parque Central y a tres del Capitolio Nacional. Yoyi oferta dos habitaciones climatizadas con excelente confort, de ellas una doble. El apartamento cuenta con una acogedora sala de estar y un balcón desde el cual podrá disfrutar de la atractiva vista. La familia oferta también servicios de lavandería para sus turistas<br></p>','Yolly',NULL,NULL,NULL,2,NULL,5,NULL,NULL,NULL,NULL,0,0,NULL,NULL,NULL,NULL),(271,3,29,1,'casa-balari','Casa Balari','<p>Lujosa casa independiente con una decoración moderna y atractiva. Cuenta con portal, salón, comedor y 3 amplias habitaciones climatizadas, cada una con baño y caja de seguridad. Hay un servicio de camarera y seguridad a tiempo completo. Además, se ofertan servicios de gastronomía.<br></p>','Balari','pendiente',NULL,NULL,2,NULL,5,NULL,NULL,NULL,NULL,0,0,NULL,NULL,NULL,NULL),(272,3,29,1,'villa-balari-40','Villa Balari 40','<p>Lujosa casa ubicada en pleno centro de Miramar. Se arrienda la segunda planta de la casa con entrada independiente y agradable decoración. La casa cuenta con mucha amplitud en sus salones y en especial en la terraza principal que es bien grande. Además hay una segunda terraza privada para la suite principal. La casa tiene 4 habitaciones climatizadas, todas con baño y caja de seguridad. Hay un servicio de camarera y seguridad a tiempo completo. Se ofertan servicios profesionales de gastronomía.<br></p>','Balari',NULL,NULL,NULL,4,NULL,5,NULL,NULL,NULL,NULL,0,0,NULL,NULL,NULL,NULL),(273,1,28,1,'villa-maite','Villa Maite','<p>Casa situada en la Reserva de la Biosfera de Soroa en la Sierra del Rosario en Pinar del río, uno de los más hermosos sitios de la geografía cubana. Maite arrienda una amplia habitación doble con aire acondicionado, baño propio, mini bar y refrigerador. Usted podrá hacer uso además del portal y una fresca terraza rodeada de la vegetación del lugar. <br></p>','Maite','pendiente',NULL,NULL,1,NULL,5,NULL,NULL,NULL,NULL,0,0,NULL,NULL,NULL,NULL),(274,1,5,1,'bahia-matanzas','Bahia Matanzas','<p>Casa ubicada junto a las aguas de la bahía de Matanzas. Esta es una excelente opción para unos días de relajación junto al mar. La villa oferta dos habitaciones climatizadas cada una con baño, TV y refrigerador. Las habitaciones tienen entrada independiente y acceso directo a una amplia terraza junto al mar y una pérgola junto al mar. El dueño es un profesional de la industria turística de Varadero. La casa oferta servicios de desayunos, cenas y lavandería.<br></p>','Villa Bahia',NULL,NULL,NULL,2,NULL,5,5,NULL,NULL,NULL,0,0,NULL,NULL,NULL,NULL),(275,1,38,1,'casa-colonial-brisas-del-mar','Casa Colonial Brisas del Mar','<p>Hermosa casa colonial localizada justo frente a la playa y el centro náutico de este hermoso poblado del oriente de Cuba. La casa Brisas del Mar oferta dos habitaciones climatizadas con baño y televisión. Usted disfrutará mucho el portal con vista a la playa y sobre todo el patio interior colonial con ranchón. La casa tiene parqueo. Se ofertan servicios de gastronomía y lavandería.<br><br></p>','Enrique Martínez',NULL,NULL,NULL,1,NULL,5,NULL,NULL,NULL,NULL,0,0,NULL,NULL,NULL,NULL),(276,1,7,1,'casa-de-alberto-y-osmary','Casa de Alberto y Osmary','Esta es una de las más afamadas casas de renta en Trinidad. Ubicada en el Centro Histórico de la ciudad a unos pocos pasos del parque principal de la ciudad y el hotel Iberostar Trinidad. La casa brinda 4 habitaciones climatizadas cada una con baño, closet y minibar. La villa cuenta con parqueo y dos amplias terrazas con mucha vegetación, una de ellas con una pequeña piscina. En la terraza principal se ofertan los servicios gastronómicos, los cuales siempre son muy bien comentados por nuestros clientes.<p><br></p>','Alberto y Osmary',NULL,NULL,NULL,4,NULL,5,NULL,NULL,NULL,NULL,0,0,NULL,NULL,NULL,NULL),(280,1,1,1,'casa-de-mary','Casa de Mary','<p>Una de las mejores casas de renta de la ciudad. Cuenta con dos habitaciones son muy amplias, ambas tiene climatización, baño independiente, TV, refrigerador. La casa tiene dos magníficas terrazas, una de ellas con vista a la bahía y a las montañas<br></p>','Mary Carrioso',NULL,NULL,NULL,2,NULL,5,NULL,NULL,NULL,NULL,0,0,NULL,NULL,NULL,NULL),(281,1,1,1,'casa-nancy-ruiz','Casa Nancy Ruiz','<p>Casa con entrada independiente localizada frente al mar. Nancy oferta dos habitaciones climatizadas amplias y confortables. En la casa podrá disfrutar de la sala y la maravillosa terraza frente al mar. Se ofertan servicios gastronómicos y de lavandería<br></p>','Nancy Ruiz',NULL,NULL,NULL,2,NULL,5,NULL,NULL,NULL,NULL,0,0,NULL,NULL,NULL,NULL),(282,1,1,1,'casa-de-cabanas','Casa de Cabanas','<p>Hermosa casa colonial, localizada a pocas cuadras de la plaza mayor de la ciudad. El señor Cabana y su familia rentan una habitación climatizada con baño independiente. La casa cuenta con una maravillosa terraza con tremenda vista de la ciudad y sus alrededores. Se ofertan también servicios gastronómicos y de lavandería.<br></p>','Cabana',NULL,NULL,NULL,1,NULL,5,NULL,NULL,NULL,NULL,0,0,NULL,NULL,NULL,NULL),(283,1,26,1,'villa-niurkis','Villa Niurkis','<p>Niurkis oferta 1 habitacion en Viñales muy cerca del centro historico, donde los clientes podran disfrutar de muchos lugares de atractivo turístico. Niurkis, la dueña oferta 1 habitacion con un baño privado, aire acondicionado, agua fria y caliente las 24 horas, parqueo inlcuido en el precio de la renta, servicio de desayuno, cenas y lavanderia<br></p>','Niurkis Cruz Torres','Trejo No. 7-A','(53) (48) 696689','papoyniulvys@gmail.com',1,NULL,4,NULL,NULL,NULL,NULL,1,0,NULL,NULL,NULL,'546ac1199a1ae.jpeg'),(284,1,26,1,'gilberto-tatica','Gilberto Tatica','<p>Esta casa oferta 2 habitaciones independientes con su baño, y terraza. Es una casa muy bonita ubicada cerca del centro histórico donde el cliente podrá disfrutar de lugares atractivos de interés turístico. El parqueo es gratis. <br></p>','Gilberto Tatica','Calle Rafel Trejo Nro 130','(53) (5) 8342971',NULL,2,NULL,5,NULL,NULL,NULL,NULL,1,0,NULL,NULL,NULL,'546ac372d0017.jpeg'),(285,1,3,1,'hostal-casita','Hostal Casita','<p>Hostal Casita,  es una  Casa colonial  particular,  que se encuentra ubicada en una zona tranquila de Santa Clara,  ciudad rica por sus tradiciones,  que rememora su cultura  e historia,  conserva las huellas del tiempo y se destaca por una seguridad sin límites, es la llamada CIUDAD DEL CHE GUEVARA,  a 300 Metros del Hostal  Casita usted podrá encontrar  el Tren Blindado muestra viva del descarrilamiento dirigido por el Comandante Guevara para librar la Batalla de Santa Clara  y a 15 minutos caminando la loma del Capiro donde instaló su comandancia y dirigió la Batalla; también lo más importante,  el Mausoleo donde descansan sus restos y el de sus compañeros caídos en Bolivia y que fueran rescatados en 1998 de la fosa común donde yacían en la ciudad boliviana  de la Paz.Cerca de este alojamiento el visitante encontrará el Parque Vidal, y a su alrededor Museos, Bancos y Teatros, mientras a que a 100 metros se encuentra el Boulevard y sus redes de comercio. Los portales del Hostal Casita con techos de madera  preciosa y tejas bien conservadas, momentáneamente hacen retroceder en el tiempo a quien en ella se hospeda, el estilo antiguo combinado con la modernidad, el ambiente céntrico y citadino, hacen que todo parezca detenido. Las habitaciones coloniales, espaciosas e independientes a la familia, convergen a un patio cargado de naturaleza y cultura precolombina, caracterizándose una de ellas por ser doble con camas sencillas que se pueden unir y la otra con cama Matrimonial, ambas poseen su baño privado,  con ducha caliente las 24 horas. Cuentan además con ventilador, aire acondicionado,  refrigerador, TV, DVD, estéreo  ventanas y servicio telefónico. El ambiente se muestra muy acogedor, suave y clásico, unido a las exquisitas comidas y desayunos personalizados  que marcan la diferencia del entorno gastronómico,  en su bien decorada terraza. Los precios del Hostal Casita son negociables. La casa incluye el servicio de limpieza y aseo diario de la habitación, así como otros servicios adicionales de lavado, planchado,  garaje y taxi. Cercano a la casa se destacan otros lugares de interés histórico así cómo la fábrica de tabacos, que muestran al turista la particularidad del procesamiento y elaboración de uno de los hitos más grandes de nuestra nación “”El Habano Cubano””.Desde el Hostal Casita por su ubicación central y a sólo 10 minutos del Aeropuerto Internacional Abel Santa Maria, 2 horas y 50 minutos de la Ciudad de la Habana, se facilita el tránsito y estancia a quienes en su trayecto desean  en poco tiempo, visitar varios lugares,  detonando en  la predilección por Hostal Casita la facilidad de viajar y regresar en el propio día a la Cayeria norte de Cuba,  con acceso a las diferentes playas de Cayo Santa Maria que se encuentran en su estado más virgen y la visita a la Octava Villa de Cuba con vetustas construcciones coloniales que deslumbran con su belleza y relajación, igualmente en el trayecto visitar la Iglesia Mayor San Juan Bautista, que posee bellos altares enchapados en Oro, también hasta Trinidad a una hora, Santi Spíritus y Cienfuegos en 50 minutos.<br></p>','José Casa','Calle Cèspedes Nro 69 entre Maceo y Uniòn','(53) (42) 272819',NULL,2,NULL,5,NULL,NULL,NULL,NULL,1,0,NULL,NULL,NULL,'546bb6c4e7db9.jpeg'),(291,1,1,1,'mary-carrioso','Mary Carrioso','<p>Una de las mejores casas de renta de la ciudad. Cuenta con dos habitaciones son muy amplias, ambas tiene climatización, baño independiente, TV, refrigerador. La casa tiene dos magníficas terrazas, una de ellas con vista a la bahía y a las montañas.<br></p>','Mary Carrioso',NULL,NULL,NULL,2,NULL,5,NULL,NULL,NULL,NULL,0,0,NULL,NULL,NULL,NULL),(292,1,38,1,'villa-brisas-del-mar','Villa Brisas del Mar','<p>Villa ubicada junto a la bahía de Matanzas. La casa oferta dos apartamentos independientes junto al mar. Ambos apartamentos cuentan con amplios dormitorios con camas King size aire acondicionado, baño, TV, caja fuerte, cocina, refrigerador y terraza con vista directa al mar. La villa cuenta además con un amplio jardín ideal para tomar el sol y preparar un asado al carbón. La villa cuenta con parqueo para dos coches.<br></p>','brisas',NULL,NULL,NULL,2,NULL,5,NULL,NULL,NULL,NULL,0,0,NULL,NULL,NULL,NULL),(293,1,5,1,'hostal-octavio','Hostal Octavio','<p>Hermosa casa localizada en el barrio Playa, junto a las aguas de la bahía de Matanzas. Cuenta con dos habitaciones climatizadas, cada una con baño y closet. Es muy atractiva la decoración de la casa, típica de los años 50. También es de destacar la terraza en la segunda planta con vista directa a la bahía y el portal a la entrada. La casa cuenta con parqueo. Se ofertan servicios de desayunos y cenas.<br></p>','octavio',NULL,NULL,NULL,2,NULL,5,NULL,NULL,NULL,NULL,0,0,NULL,NULL,NULL,NULL),(294,1,8,1,'hostal-raul-y-kathy','Hostal Raul y Kathy','<p>Casa situada en pleno centro de Santiago de Cuba a solo 60 metros de la Plaza de Marte y 250m del parque Céspedes. La casa renta 3 habitaciones amplias; cada una cuenta con baño, mini bar, aire acondicionado, tv, electricidad 110V y 220V. La casa posee una acogedora terraza con vista a gran parte de la ciudad, un oasis ideal para leer, descansar o compartir un mojito. Se ofertan desayunos, cenas y tragos típicos cubanos entre otros servicios extras.<br></p>','Raul y Kathy',NULL,NULL,NULL,3,NULL,5,NULL,NULL,NULL,NULL,0,0,NULL,NULL,NULL,NULL),(295,1,1,1,'luisa-diaz','Luisa Diaz','Espaciosa casa ubicada a unos 400 metros de la playa. La casa cuenta con tres habitaciones climatizadas, cada una con su baño. Los dueños viven en la planta baja y arriendan la parte de arriba, por lo que aseguran bastante privacidad. Cada habitación cuenta con mini bar, radio grabadora y una de ellas con TV. Los visitantes además pueden disfrutar de dos terrazas, una de ellas con ranchón criollo y una pequeña piscina. Es una casa recomendada para turismo familiar.<br>','Luisa Diaz',NULL,NULL,NULL,3,NULL,5,NULL,NULL,NULL,NULL,0,0,NULL,NULL,NULL,NULL),(296,1,34,1,'casa-de-jose-y-lourdes','Casa de Jose y Lourdes','<p>Apartamento localizado en pleno centro de Morón, ciudad más cercana a los Cayos Coco y Guillermo. José y Lourdes ofertan dos habitaciones climatizadas cada una con su baño. En la casa podrá disfrutar de una hermosa sala con TV, bar y comedor. Al fondo del apartamento hay una terraza muy agradable donde podrá disfrutar de los excelentes desayunos y comidas preparadas por esta hospitalaria familia.<br></p>','Jose y Lourdes',NULL,NULL,NULL,2,NULL,5,NULL,NULL,NULL,NULL,0,0,NULL,NULL,NULL,NULL),(297,1,21,1,'casa-de-arturo-martin','Casa de Arturo Martín','<p>Casa moderna ubicada en pleno centro de Baracoa. Arturo Martín oferta una sección completa de la casa con total privacidad. Los huéspedes disfrutarán de una amplia habitación doble con climatización, baño, sala con TV, cocina-comedor con refrigerador y una terraza con vista a la ciudad y al mar. Todo con la mayor privacidad. La casa oferta servicios de gastronomía y lavandería.<br></p>','Arturo Martín',NULL,NULL,NULL,1,NULL,5,NULL,NULL,NULL,NULL,0,0,NULL,NULL,NULL,NULL),(298,1,1,1,'casa-rene-y-nancy','Casa Rene y Nancy','<p>Ubicada a unos 30 metros del Malecón y frente al famoso Hotel La Rusa. De hecho, René fue ahijado de este célebre personaje de la ciudad y tiene todo un museo con artículos que pertenecieron a esta artista Rusa, miembro de la familia del Zar quién logró escapar y se estableció en este paraje de Cuba. René oferta dos habitaciones climatizadas con baño independiente cada habitación. La casa cuenta con una terraza con vista al Malecón. Es de destacar, La calidad de la atención a los visitantes y las comidas ofertadas por la familia.<br></p>','Rene y Nancy',NULL,NULL,NULL,1,NULL,5,NULL,NULL,NULL,NULL,0,0,NULL,NULL,NULL,NULL),(299,2,29,1,'apartamento-ana','Apartamento Ana','<p>Apartamento completamente privado localizado en plena 5ta Avenida de Miramar a escasos 200 metros del Hotel Comodoro y unos 500 del Miramar Trade Center. Cuenta con dos habitaciones climatizadas, cada una con su baño y tv. Usted disfrutaría, además, de una amplia sala con TV, un comedor, cocina y balcón con vista a la 5ta Avenida<br></p>','Ana',NULL,NULL,NULL,2,NULL,5,NULL,NULL,NULL,NULL,0,0,NULL,NULL,NULL,NULL),(300,2,29,1,'apartamento-nadia','Apartamento Nadia','<p>Apartamento en Miramar cerca del Teatro Karl Marx, a sólo unas 5-6 cuadras del Malecón y el inicio del Vedado. La 5ta Ave se encuentra a escasos 100 metros. El apartamento oferta dos habitaciones climatizadas, cada una con su baño y TV. Además el apartamento pone a su disposición una sala con excelente decoración, comedor, cocina equipada y balcón. Es un apartamento con total privacidad.<br></p>','Nadia',NULL,NULL,NULL,2,NULL,5,NULL,NULL,NULL,NULL,0,0,NULL,NULL,NULL,NULL),(301,1,1,1,'casa-de-arturo','Casa de Arturo','<p>Arturo oferta un apartamento con total privacidad provisto de una habitación climatizada con su baño, sala, cocina-comedor, refrigerador y TV. Además, la casa oferta una segunda habitación con baño TV y mini bar. El patio interior está abierto para el disfrute de los visitantes y cuenta con bar y mesa de billar. El hostal oferta servicios de gastronomía y lavandería para sus huéspedes.<br></p>','Arturo',NULL,NULL,NULL,1,NULL,5,NULL,NULL,NULL,NULL,0,0,NULL,NULL,NULL,NULL),(302,1,3,1,'hostal-la-pergola','Hostal La Pergola','<p>Esta es una de las más hermosas casas de Santa Clara. Se encuentra ubicada en pleno centro de la ciudad, a unos pocos metros del boulevard de la ciudad y del Parqué Vidal, corazón de Santa Clara. La casa cuenta con amplios salones, patio interior con una pérgola y comedor para los huéspedes. Las dos habitaciones son bien espaciosas y tienen aire acondicionado, baño privado, televisor y refrigerador. La atención a los huéspedes es muy destacada por los visitantes. Se ofertan desayunos y cenas.<br></p>','La Pergola',NULL,NULL,NULL,2,NULL,5,NULL,NULL,NULL,NULL,0,0,NULL,NULL,NULL,NULL),(304,1,11,1,'casa-de-liba','Casa de Liba','<p>Amplia casa localizada en la ciudad de los parques, Holguín. Se ubica a escasos 200 metros de inicio de las escaleras a la Loma de la Cruz. Liba oferta dos habitaciones cada una con su baño. Los turistas disfrutarán de la decoración original de esta casa de los años 50, sin lugar a dudas una de las mejores de esta ciudad. La casa oferta servicios de desayunos y cenas.<br><br></p>','Liba',NULL,NULL,NULL,1,NULL,5,NULL,NULL,NULL,NULL,0,0,NULL,NULL,NULL,NULL),(305,1,19,1,'apartamento-mary','Apartamento Mary','<p>Apartamento localizado en pleno centro histórico de la Habana Vieja. Oferta 2 habitaciones con aire acondicionado, cada una con su baño. La mayor atracción de esta oferta es su amplia terraza, donde podrá tomar el sol mientras admira una hermosa vista del Morro, la bahía habanera y la Embajada Española. La casa oferta servicios de gastronomía y lavandería.<br></p>','Mary',NULL,NULL,NULL,2,NULL,5,NULL,NULL,NULL,NULL,0,0,NULL,NULL,NULL,NULL),(306,3,1,1,'casa-garcia-dihigo','Casa García Díhigo','<p>Amplia casa ubicada en primera línea junto al mar. Cuenta con sala, salón y terraza con vista directa a la playa. En la casa hay 5 habitaciones 3 de ellas con baño propio y dos que comparten un baño intercalado. Todas las habitaciones cuentan con aire acondicionado, mini bar y TV. La casa tiene un pequeño restaurante en la planta baja. Nota: Si renta habitaciones separadas: CUC 40.00 por habitación con baño y CUC 60.00 por noche las dos habitaciones que comparten baño.<br></p>','Garcia',NULL,NULL,NULL,5,NULL,5,NULL,NULL,NULL,NULL,0,0,NULL,NULL,NULL,NULL),(307,1,14,1,'villa-esperanza','Villa Esperanza','<p>Casa localizada en pleno centro de Varadero a unos 200 metros de la playa. Esta villa oferta 3 habitaciones climatizadas con muy buen confort. Cada una cuenta con baño, mini bar and TV. Hay una terraza a lo largo de las habitaciones para el disfrute de los huéspedes. La casa oferta servicios de desayunos, cenas y snacks.<br></p>','Esperanza',NULL,NULL,NULL,3,NULL,5,NULL,NULL,NULL,NULL,0,0,NULL,NULL,NULL,NULL),(308,1,7,1,'casa-de-alexander-y-nairobi','Casa de Alexander y  Nairobi','<p>Casa colonial en Trinidad, localizada a unos 250 metros de la Plaza Mayor, corazón de Trinidad. La casa oferta una excelente y amplia habitación doble con climatización y baño independiente. La casa también cuenta con un agradable patio colonial donde puede disfrutar de la excelente comida que prepara la familia. <br></p>','Alexander',NULL,NULL,NULL,1,NULL,5,NULL,NULL,NULL,NULL,0,0,NULL,NULL,NULL,NULL),(309,1,26,1,'villa-elio-suarez','Villa Elio Suarez','<p>Casa situada, en medio del poblado de Viñales. Cuenta con dos habitaciones independientes que brindan mucha privacidad. Cada una tiene baño privado, aire acondicionado, mini bar, y dos camas matrimoniales. Desde la terraza principal se observa una vista panorámica a los mogotes del Valle de Viñales y, en la tarde, la puesta del sol mientras disfruta un coctel cubano preparado por los señores de la casa. La casa oferta servicios de gastronomía y bar.<br></p>','Elio Suarez',NULL,NULL,NULL,2,NULL,5,NULL,NULL,NULL,NULL,0,0,NULL,NULL,NULL,NULL),(310,1,29,1,'penth-house-kiria','Penth-house Kiria','<p>Acogedor pent-house en Miramar. Kiria oferta dos confortables habitaciones con entrada independiente, baño privado, agua Fría y caliente, refrigerador TV, teléfono y demás comodidades. Localizado en la desembocadura del río Almendares en la frontera entre Miramar y Vedado. Desde su terraza podrá ver las mejores vistas del río, el inicio del Malecón y una parte de la Habana. <br></p>','Kiria',NULL,NULL,NULL,2,NULL,5,NULL,NULL,NULL,NULL,0,0,NULL,NULL,NULL,NULL),(311,1,22,1,'bladimir-y-miryam','Bladimir y Miryam','<p>Esta casa se ubica en uno de los más atractivos barrios residenciales de Camagüey el Reparto Previsora. Se ofertan dos habitaciones climatizadas con baño, y mini bar. El portal de la entrada así como la terraza de atrás se encuentran rodeados de mucha vegetación. En la terraza los clientes pueden degustar los desayunos y cenas ofertados por la familia hospedera, quienes son una pareja de mediana edad muy servicial y discreta. EL centro de la ciudad se encuentra a escasos 5 minutos en coche, incluso se puede llegar caminando.<br></p>','Bladimir',NULL,NULL,NULL,2,NULL,5,NULL,NULL,NULL,NULL,0,0,NULL,NULL,NULL,NULL),(313,1,1,1,'casa-over-y-concha','Casa Over y Concha','<p>Casa Independiente con total privacidad para el cliente, situada a 5 minutos del centro y dos cuadras de la playa. Con 2 habitaciones dobles, la primera con dos camas matrimoniales y la segunda con una cama matrimonial y una personal. Ambas habitaciones cuentan con aire acondicionado, refrigerador, ventilador y baño. La casa cuenta con cocina, 3 terrazas con Jardín, decoraciones naturales y Vista al mar<br></p>','Over y Concha',NULL,NULL,NULL,2,NULL,5,NULL,NULL,NULL,NULL,0,0,NULL,NULL,NULL,NULL),(314,1,11,1,'villa-holguin','Villa Holguín','<p>Casa ubicada en uno de los repartos más céntricos  de la ciudad, Vista Alegre, los principales parques y plazas de Holguín (conocida como la Ciudad de los Parques) se encuentran a solamente unas cuadras de distancia. Se ofertan dos habitaciones confortables e independientes del resto de la casa. Cada habitación cuenta con baño, televisión, aire acondicionado y refrigerador. Adicionalmente, la habitación # 1  tiene  una mini-piscina interior. Los clientes pueden acceder al resto de los espacios comunes de la casa, incluyendo la terraza. Están disponibles además servicios de gastronomía en cualquier horario, lavandería,  traslados y recorridos<br></p>','holg',NULL,NULL,NULL,2,NULL,5,NULL,NULL,NULL,NULL,0,0,NULL,NULL,NULL,NULL),(315,1,11,1,'casa-lourdes-y-eduardo','Casa Lourdes y Eduardo','<p>Casa ubicada en pleno centro de la Ciudad de los Parques, Holguín, a solamente 4 cuadras del parque central Calixto García. Oferta una habitación confortable y amplia con cama matrimonial y personal adicional, climatización, baño privado, refrigerador y televisión. Los visitantes pueden solicitar servicios de lavandería, desayuno, almuerzos y cenas.<br></p>','Lourdes',NULL,NULL,NULL,1,NULL,5,NULL,NULL,NULL,NULL,0,0,NULL,NULL,NULL,NULL),(316,1,2,1,'hostal-amanecer','Hostal Amanecer','<p>Casa neo-colonial ubicada en pleno centro de la ciudad. Se ofertan dos habitaciones dobles climatizadas, cada una con baño, refrigerador, caja fuerte y ventilador. Además, en la casa se puede disfrutar de un agradable salón, el patio interior y una terraza. Se ofertan servicios de gastronomía y lavandería.<br></p>','Amanecer',NULL,NULL,NULL,2,NULL,5,NULL,NULL,NULL,NULL,0,0,NULL,NULL,NULL,NULL),(317,3,19,1,'apartamento-alavez','Apartamento Alavez','<p>Apartamento completamente independiente de dos habitaciones climatizadas y un baño ubicado en pleno centro histórico de La Habana Vieja. El piso cuenta con sala, comedor, cocina equipada y balcón. Tiene una decoración moderna y acogedora.<br>Apartamento completamente independiente de dos habitaciones climatizadas y un baño ubicado en pleno centro histórico de La Habana Vieja. El piso cuenta con sala, comedor, cocina equipada y balcón. Tiene una decoración moderna y acogedora.<br></p>','Alavez',NULL,NULL,NULL,2,NULL,5,NULL,NULL,NULL,NULL,0,0,NULL,NULL,NULL,NULL),(318,1,19,1,'hostal-habana','Hostal Habana','<p>Casa colonial construida a principios de 1920, situada en pleno centro de La Habana Vieja, muy cerca de la Calle - Boulevard Obispo, la Catedral y todos los sitios de interés turístico y cultural de la parte vieja de la ciudad.  La casa es amplia, fresca, iluminada y decorada con muebles  y lámparas antiguas. Se destacan  pinturas originales de varios artistas cubanos destacando la obra del pintor  Jesús Nodarse Valdés, miembro de la familia. La casa cuenta con 9 habitaciones, cada una con baño privado, aire acondicionado, teléfono,  corriente 110 - 220V, refrigerador o mini bar y caja de seguridad. La terraza de la casa es fresca y tiene agradables vistas panorámicas de la ciudad. Se garantiza la calidad en el servicio. <br></p>','Habana',NULL,NULL,NULL,6,NULL,5,NULL,NULL,NULL,NULL,0,0,NULL,NULL,NULL,NULL),(319,3,39,1,'casa-de-maria-ester','Casa de Maria Ester','<p>Hermosa casa de Nuevo Vedado. Ester oferta una amplia casa con 3 habitaciones climatizada además de una sala, una terraza y un bellísimo comedor con su cocina. Cada pieza de esta casa se encuentra decorado con el mejor de los gustos. La familia oferta también servicios de lavandería y gastronomía para sus turistas. Parqueo incluido.<br></p>','Maria Ester',NULL,NULL,NULL,3,NULL,5,NULL,NULL,NULL,NULL,0,0,NULL,NULL,NULL,NULL),(320,3,1,1,'casa-desiree','Casa Desiree','<p>Casa en bajos con total privacidad, muy buenas condiciones y muy cómoda. Cuenta con jardín, portal, sala, comedor, cocina lista para su uso y 3 habitaciones climatizadas. La casa tiene un servicio de seguridad de 24 horas incluido en el precio de la renta y además oferta servicios adicionales como: desayunos, cenas y lavandería.<br></p>','Desiree',NULL,NULL,NULL,3,NULL,5,NULL,NULL,NULL,NULL,0,0,NULL,NULL,NULL,NULL),(322,3,29,1,'casa-mayra','Casa Mayra','<p>Espaciosa casa en Miramar, con jardín, portal, sala, comedor y terraza, con una piscina grande (inflable) y áreas para tomar el sol. Esta es una casa independiente con 3 habitaciones, cada una con aire acondicionado, 3 baños, uno de ellos con Jacuzzi. La casa oferta servicios adicionales tales como: gastronomía, lavandería y seguridad 24 horas <br></p>','Mayra',NULL,NULL,NULL,3,NULL,5,NULL,NULL,NULL,NULL,0,0,NULL,NULL,NULL,NULL),(323,1,29,1,'casa-de-maritza','Casa de Maritza','<p>Maravilloso apartamento con vista al mar en Miramar, situado muy cerca de los principales hoteles y centros comerciales y de negocios de este magnífico barrio. Rosario oferta una amplia habitación climatizada. Ud. podrá disfrutar también de una sala decorada con el mejor de los gustos, un agradable comedor y un balcón con vista al mar que de seguro le encantará. La familia oferta también servicios de lavandería y gastronomía para sus turistas.<br></p>','Maritza',NULL,NULL,NULL,1,NULL,5,NULL,NULL,NULL,NULL,0,0,NULL,NULL,NULL,NULL),(324,2,1,1,'casa-melissa-y-alejandro','Casa Melissa y Alejandro','<p>partamento privado con una decoración moderna y excelente confort. Cuenta con dos habitaciones climatizadas, 2 baños, una sala espaciosa y comedor. Se encuentra ubicado en una zona muy tranquila y bonita muy cerca de los principales centros de la ciudad.<br></p>','Melissa y Alejandro',NULL,NULL,NULL,2,NULL,5,NULL,NULL,NULL,NULL,0,0,NULL,NULL,NULL,NULL),(325,1,1,1,'apartamento-de-maira-lidia','Apartamento de Maira Lidia','<p>Amplio y confortable apartamento de Centro Habana, localizado a escasas dos cuadras del Prado Habanero y del Parque Central y a tres del Capitolio Nacional. Se oferta una habitación climatizada con excelente confort. El apartamento cuenta con una acogedora sala de estar y un balcón desde el cual podrá disfrutar de la atractiva vista.  La familia oferta también servicios como: Desayuno, Comida y de lavandería para sus turistas.<br></p>','Maira Lidia',NULL,NULL,NULL,1,NULL,5,NULL,NULL,NULL,NULL,0,0,NULL,NULL,NULL,NULL),(326,1,19,1,'apartamento-de-gustavo','Apartamento de Gustavo','<p>Amplio y confortable apartamento de Centro Habana, localizado a escasas dos cuadras del Prado Habanero y del Parque Central y a tres del Capitolio Nacional. Gustavo oferta una habitación climatizada con excelente confort. El apartamento cuenta con una acogedora sala de estar y un balcón desde el cual podrá disfrutar de la atractiva vista. La familia oferta también servicios de lavandería para sus turistas. El parqueo es aparte del precio (alrededor de 1.00 CUC <br> <br></p>','Gustavo',NULL,NULL,NULL,1,NULL,5,NULL,NULL,NULL,NULL,0,0,NULL,NULL,NULL,NULL),(327,2,1,1,'rosa-suares','Rosa Suares','<p>Acogedor apartamento con vista al mar. Rosa oferta un apartamento con dos habitaciones climatizadas con total privacidad. Ud. también podrá disfrutar de la agradable sala, el mini bar y una fresca terraza con vista al mar. La familia oferta también servicios gastronómicos y de lavandería para sus turistas.<br></p>','Rosa Suares',NULL,NULL,NULL,2,NULL,5,NULL,NULL,NULL,NULL,0,0,NULL,NULL,NULL,NULL),(328,1,3,1,'hostal-yohn','Hostal Yohn','<p>Casa de estilo colonial construida en 1850 y ubicada en el centro histórico de la ciudad de Remedios; sede de las famosas Parrandas de Remedios. Este poblado se ubica a sólo 45 minutos de las hermosas playas de Cayo Santa María, Cayo Ensenachos, y Cayo Las Brujas. El Hostal Casa Yohn posee un amplio patio central con una piscina apta para el disfrute de niños y adultos. Se ofertan dos habitaciones dobles cada una con climatización, ventiladores, baño privado y minibar. Además, se ofrece un menú de comida criolla e internacional y servicios de bar y lavandería.<br></p>','Yohn',NULL,NULL,NULL,2,NULL,5,NULL,NULL,NULL,NULL,0,0,NULL,NULL,NULL,NULL),(329,1,5,1,'casa-moreno','Casa Moreno','<p>casas del Reparto Playa y de la ciudad de Matanzas en su conjunto. Localizada a unos 30 Km. de la Playa Azul como se le conoce a Varadero, la casa oferta una espaciosa habitación climatizada con baño privado y nevera. La decoración y el mobiliario son típicos de los años 50. Los visitantes pueden hacer uso de la hermosa sala, el comedor y de un maravilloso y amplio patio trasero colindante con el mar en el cual podrá tomar el sol y disfrutar de la brisa marina rodeada por palmeras de cocoteros y una hermosa vista de la bahía de Matanzas. La casa oferta servicios gastronómicos y de lavandería.<br></p>','Moreno',NULL,NULL,NULL,1,NULL,5,NULL,NULL,NULL,NULL,0,0,NULL,NULL,NULL,NULL),(330,1,26,1,'villa-mirta','Villa Mirta','<p>Casa típica de este poblado ubicado en pleno centro del Valle de Viñales. Esta villa oferta dos amplias habitaciones climatizadas, cada una con baño, dos camas y mini bar. La casa tiene una amplia terraza con vista directa al valle. La casa oferta servicios gastronómicos.<br></p>','Mirta Diaz',NULL,NULL,NULL,2,NULL,5,NULL,NULL,NULL,NULL,0,0,NULL,NULL,NULL,NULL),(331,1,5,1,'hostal-alma','Hostal Alma','<p>Magnifica casa colonial de finales del siglo XIX localizada en pleno centro de la ciudad. Mayra y Alberto ofertan dos habitaciones climatizadas, una doble y la otra sencilla. En esta casa, los visitantes disfrutarán de los amplios salones y vitrales propios de la arquitectura de la época. Los turistas se podrán recrear además en una amplia terraza en la que además de tomar el solar se puede observar una excelente vista de la ciudad de Matanzas. La casa oferta servicios <br></p>','Maira',NULL,NULL,NULL,2,NULL,5,NULL,NULL,NULL,NULL,0,0,NULL,NULL,NULL,NULL),(332,1,7,1,'villa-las-mercedes','Villa Las Mercedes','<p>Casa colonial de mediados del siglo XIX. Se ubica en pleno centro histórico de esta ciudad. Se ofertan dos amplias habitaciones climatizadas con baño y mobiliario típico de la época. Sus dueños son una familia trinitaria culta y hospitalaria. La casa oferta desayuno, cenas y lavandería como servicios complementarios. El dueño de la casa habla inglés.<br></p>','Mercedes',NULL,NULL,NULL,2,NULL,5,NULL,NULL,NULL,NULL,0,0,NULL,NULL,NULL,NULL),(333,1,14,1,'casa-de-carlos','Casa de Carlos','<p>Moderna y confortable casa del reparto residencial de La Playa. Se encuentra a sólo 30 Km. de Varadero, a 15 Km. del Aeropuerto Internacional de Varadero Juan Gualberto Gómez y a unos 10 Km. del Cabaret Tropicana Varadero. Carlos oferta dos habitaciones climatizada, una de ellas doble. Ambas habitaciones cuentan con baño privado, nevera y un balcón con vista al mar. La casa en general se encuentra bien decorada y a sólo unos 25 metros de la costa. <br></p>','Carlos',NULL,NULL,NULL,2,NULL,5,NULL,NULL,NULL,NULL,0,0,NULL,NULL,NULL,NULL),(334,1,5,1,'casa-de-vanesa','Casa de Vanesa','<p>Casa de estilo colonial construida en 1900 en pleno centro de la ciudad de Matanzas. Vanesa oferta dos amplias habitaciones climatizadas. La espaciosa sala de la casa cuenta con una excelente decoración. Usted podrá disfrutar además de un patio interior con una fuente y sillones. La casa oferta además servicios gastronómicos y de lavandería.<br></p>','Vanesa',NULL,NULL,NULL,2,NULL,5,NULL,NULL,NULL,NULL,0,0,NULL,NULL,NULL,NULL),(335,3,1,1,'villa-margarita','Villa Margarita','<p>Casa ubicada a unos 300 metros de la playa. Acá tendrían una casa completa con jardín, portal, sala, cocina, comedor y una amplia terraza con ranchón al fondo. La casa tiene 3 habitaciones climatizadas con 3 baños. La decoración es muy atractiva. Los dueños ofertan servicios de desayunos, cenas y snacks.<br></p>','Margarita',NULL,NULL,NULL,3,NULL,5,NULL,NULL,NULL,NULL,0,0,NULL,NULL,NULL,NULL),(336,2,29,1,'casa-de-marlen','Casa de Marlen','<p>Acogedor apartamento de Miramar situado muy cerca de los principales lugares de interés de este lujoso barrio residencial. Marlen oferta una espaciosa habitación climatizada y una sala y un comedor, ambos con un maravilloso decorado. En este bonito apartamento Ud. podrá disfrutar de total privacidad. La familia oferta también servicios de lavandería y gastronomía para sus turistas. El parqueo está incluido en el precio.<br></p>','Marlen',NULL,NULL,NULL,1,NULL,5,NULL,NULL,NULL,NULL,0,0,NULL,NULL,NULL,NULL),(337,1,8,1,'casa-de-martin-alvarez','Casa de Martin Alvarez','<p>Apartamento localizado a solo 3 calles del Parque Central (Parque Céspedes) y a una calle de la famosa Escalinata de Padre Pico. El piso consta de dos habitaciones, cada una con su baño, aire acondicionado, mini bar. Desde su terraza, rodeada de plantas naturales, se puede observar la Catedral y la bahía de Santiago de Cuba. Además, se ofertan servicios de gastronomía, lavandería.<br></p>','Martin Alvarez',NULL,NULL,NULL,2,NULL,5,NULL,NULL,NULL,NULL,0,0,NULL,NULL,NULL,NULL),(338,1,14,1,'villa-calle-26','Villa Calle 26','<p>Villa ubicada en pleno centro de Varadero a escasos 120 metros de la playa. Ofertas dos amplias suites independientes cada una con aire acondicionado, baño, refrigerador, TV y caja de seguridad. La villa cuenta con parqueo y una terraza grande con piscina y ranchón - bar donde se sirven desayunos, cenas y cocteles según solicitud de los huéspedes.<br></p>','Calle 26',NULL,NULL,NULL,2,NULL,5,NULL,NULL,NULL,NULL,0,0,NULL,NULL,NULL,NULL),(339,1,19,1,'apartamento-elsa','Apartamento Elsa','<p>Apartamento localizado en la Avenida Malecón, con vista al mar, próximo al Castillo de la Punta y la Embajada de España. Se ofertan dos confortables habitaciones con baño privado, agua fría y demás comodidades. Desde su balcón se puede observar El Morro, El Castillo de la Punta, todo el Malecón etc. Se ofertan desayunos y cenas.<br></p>','Elsa',NULL,NULL,NULL,2,NULL,5,NULL,NULL,NULL,NULL,0,0,NULL,NULL,NULL,NULL),(340,3,1,1,'casa-de-belquis-miniet-chavez','Casa de Belquis Miniet Chavez','<p>Agradable y confortable casa de Miramar situada muy cerca de los principales lugares de interés de este lujoso barrio residencial. Belquis oferta una casa de dos habitaciones climatizadas con total privacidad. En la casa podrá disfrutar también de una agradable sala, un comedor y una cocina en la que puede cocinar sus propios alimentos si así lo desea. La casa tiene además un agradable jardín. La familia oferta también servicios de lavandería y gastronomía para sus turistas. Precio: CUC 70.00 por toda la casa; CUC 45.00 por una sola habitación, El parqueo está incluido en el precio.<br></p>','Belquis Miniet Chavez',NULL,NULL,NULL,2,NULL,5,NULL,NULL,NULL,NULL,0,0,NULL,NULL,NULL,NULL),(341,1,5,1,'casa-yoel-y-ailin','Casa Yoel y Ailin','<p>Casa colonial del año 1898 localizada en pleno centro de la ciudad de Matanzas. Yoel y Ailin ofertan dos habitaciones dobles climatizadas. Los visitantes disfrutarán de los espaciosos salones y el patio interior típico de la arquitectura colonial cubana. Yoel y Ailin viven al lado de Mayra y Alberto por lo que si usted viaja en un grupo grande aquí puede contar con 4 autenticas habitaciones coloniales. La casa oferta servicios gastronómicos y de lavandería.<br></p>','Yoel',NULL,NULL,NULL,2,NULL,5,NULL,NULL,NULL,NULL,0,0,NULL,NULL,NULL,NULL),(342,1,14,1,'casa-lola','Casa Lola','<p>Espaciosa y moderna casa para renta ubicada en Varadero. La casa tiene 3 habitaciones completamente climatizadas, 3 baños independientes, sala, comedor, cocina, y un hermoso portal, donde usted puede sentarse a mirar la hermosa avenida primera de Varadero. Cuenta también con una terraza. Esta casa tiene una decoración maravillosa, muy colorida y alegre. Aquí usted podrá disfrutar de unos días maravillosos e inolvidables.<br></p>','Odalys Mirabal Lopez','Calle 17 y Aenida Primera','(53) (45) 613383',NULL,3,NULL,5,NULL,NULL,NULL,NULL,1,0,NULL,NULL,NULL,'54794be1671a5.jpeg'),(343,1,25,1,'casa-odette','Casa Odette','<p><br></p>','Odette Pantoja','frente a la tribuna antimperialista','(53) (7) 8830993 (53) (5) 8137899',NULL,3,NULL,5,NULL,NULL,NULL,NULL,1,0,NULL,NULL,NULL,'54935e729446d.jpeg'),(344,1,5,1,'casa-vanesa','Casa Vanesa','<p>Casa de estilo colonial construida en 1900 en pleno centro de la ciudad de Matanzas. Vanesa oferta dos amplias habitaciones climatizadas. La espaciosa sala de la casa cuenta con una excelente decoración. Usted podrá disfrutar además de un patio interior con una fuente y sillones. La casa oferta además servicios gastronómicos y de lavandería.<br></p>','Vanesa','pendiente',NULL,NULL,2,NULL,5,NULL,NULL,NULL,NULL,0,0,NULL,NULL,NULL,NULL),(346,1,1,1,'maria-del-carmen','Maria del Carmen','<p>Apartamento localizado en la Avenida Malecón, con vista al mar, próximo al Castillo de la Punta y la Embajada de España. Se ofertan dos confortables habitaciones con, baño privado, agua Fría y caliente, refrigerador TV, y demás comodidades. Desde su balcón se puede observar El Morro, El Castillo de la Punta y  todo el Malecón <br></p>','Maria del Carmen',NULL,NULL,NULL,2,NULL,5,NULL,NULL,NULL,NULL,0,0,NULL,NULL,NULL,NULL),(347,1,1,1,'mayra','Mayra','<p>Hermoso apartamento ambientado a la usanza de los años 50. Oferta dos amplias habitaciones cada una con baño, minibar, TV y caja fuerte. El apartamento cuenta además con la sala, comedor y un pequeño balcón con vista a un parque. La familia oferta servicios de desayunos y cenas<br></p>','Mayra',NULL,NULL,NULL,2,NULL,5,5,NULL,NULL,NULL,0,0,NULL,NULL,NULL,NULL),(348,1,19,1,'apartamento-de-conchita','Apartamento de Conchita','<p>Amplio y confortable apartamento de Centro Habana, localizado a escasas dos cuadras del Prado Habanero y del Parque Central y a tres del Capitolio Nacional. Conchita oferta dos habitaciones climatizadas con excelente confort. El apartamento cuenta con una acogedora sala de estar y un balcón desde el cual podrá disfrutar de la atractiva vista. La familia oferta también servicios de lavandería para sus turistas<br></p>','Conchita',NULL,NULL,NULL,1,NULL,5,NULL,NULL,NULL,NULL,0,0,NULL,NULL,NULL,NULL),(349,3,1,1,'casa-de-pepin','Casa de Pepin','<p>Casa con total privacidad y las mejores condiciones de confort. La casa oferta tres amplias habitaciones climatizadas con su baño cada una y minibar. En la casa tienen además la cocina – comedor con todo el equipamiento requerido y una sala grande con climatización, mesa de billar, televisor y equipo de música. Además un patio con mucha vegetación<br></p>','Pepin',NULL,NULL,NULL,2,NULL,5,5,NULL,NULL,NULL,0,0,NULL,NULL,NULL,NULL),(350,3,14,1,'casa-bebita','Casa Bebita','<p>Casa ubicada en pleno centro de Varadero a escasos 200 metros de la playa. Oferta un apartamento climatizado con una habitación triple (una cama matrimonial y otra personal), baño, cocina y comedor. El apartamento cuenta con refrigerador y TV. Además la casa alquila una habitación con total privacidad, baño, minibar y una pequeña terraza.<br></p>','bebita',NULL,NULL,NULL,2,NULL,5,5,NULL,NULL,NULL,0,0,NULL,NULL,NULL,NULL),(351,1,5,1,'casa-de-luis-alberto','Casa de Luis Alberto','<p>Moderno y acogedor apartamento localizado en pleno centro de Matanzas. Luis Alberto oferta dos acogedoras habitaciones dobles con climatización. Los visitantes pueden hacer uso además de la sala, el comedor y un balcón con una agradable vista a los edificios coloniales del centro de Matanzas. La casa oferta servicios gastronómicos y de lavandería.<br></p>','Luis Alberto',NULL,NULL,NULL,2,NULL,5,NULL,NULL,NULL,NULL,0,0,NULL,NULL,NULL,NULL),(352,1,38,1,'casa-familia-gomez','Casa Familia Gomez','<p>La casa de la familia Gómez, se localiza exactamente en el centro de la ciudad. Para ser más exacto en el mismo boulevard de Santa Clara. La casa oferta una amplia habitación con baño, aire acondicionado, refrigerador y TV. Los huéspedes disfrutan del balcón con vista al boulevard.<br></p>','Gomez',NULL,NULL,NULL,1,NULL,5,NULL,NULL,NULL,NULL,0,0,NULL,NULL,NULL,NULL),(353,1,38,1,'casa-de-fanjul','Casa de Fanjul','<p>Confortable casa de Guanabo con total privacidad y especialmente preparada para recibir parejas con niños. La casa cuenta con una amplia habitación doble con climatización (incluye cama para niños). Ud. podrá disfrutar además de una agradable sala y una cocina-comedor en la que puede cocinar sus propios alimentos. Los niños podrán disfrutar además de una terraza equipada para su disfrute. La familia oferta también servicios de lavandería para sus turistas. La casa tiene parqueo para autos.<br></p>','Fanjul',NULL,NULL,NULL,1,NULL,5,5,NULL,NULL,NULL,0,0,NULL,NULL,NULL,NULL),(354,1,1,1,'hostal-paraiso','Hostal Paraiso','<p>Casa colonial, construida en el año 1838, decorada con muebles antiguos, a solo 15 metros del Parque Central de la Ciudad. La casa oferta 4 habitaciones ventiladas y amplias. Cada habitación cuenta baño, aire acondicionado y refrigerador o minibar. Los dos patios ambientados con plantas naturales son muy acogedores para el disfrute de los servicios de gastronomía y bar que oferta la casa.<br></p>','Paraiso',NULL,NULL,NULL,4,NULL,5,NULL,NULL,NULL,NULL,0,0,NULL,NULL,NULL,NULL),(355,1,1,1,'hostal-los-vitrales','Hostal Los Vitrales','<p>Casa colonial localizada en pleno centro de la ciudad con influencia neoclásica construida en el 1795 y remodelada en 1876 por un rico hacendado ganadero. En esta casa se observan las técnicas constructivas propias de la época tales como: arcos apuntados y de medios puntos, techos de madera decorados, amplias ventanas y puertas, patio central, pisos de mármol y mosaicos venecianos, así como cocina colonial autentica. Se destaca en la vivienda los dos “Vitrales” que originan matices de colores en la sala y le dan el nombre al hospedaje. Se renta 3 habitaciones, cada una con baño privado, aire acondicionado, refrigerador. Además los visitantes pueden disfrutar del patio colonial con la fuente. La casa oferta además servicios de gastronomía y bar, lavandería y parqueo.<br></p>','Vitrales',NULL,NULL,NULL,3,NULL,5,NULL,NULL,NULL,NULL,0,0,NULL,NULL,NULL,NULL),(356,1,1,1,'villa-rompeolas','Villa Rompeolas','<p>Esta villa oferta un apartamento privado de dos habitaciones climatizadas con baño, sala, cocina, refrigerador y TV. La villa cuenta además con dos habitaciones extras. Cada una tiene aire acondicionado, baño, minibar y TV. Las habitaciones tienen mucha privacidad. El mejor lugar de la villa es la terraza con áreas para tomar el sol y con otras de sombra. La playa se encuentra a unos 250 metros de la casa. Los dueños ofertan servicios de desayunos, cenas y snacks<br></p>','rompeolas',NULL,NULL,NULL,4,NULL,5,NULL,NULL,NULL,NULL,0,0,NULL,NULL,NULL,NULL),(357,1,40,1,'apartamento-de-alejandra','Apartamento de Alejandra','<p>Amplio y confortable apartamento de Centro Habana, localizado a escasas dos cuadras del Prado Habanero y del Parque Central y a tres del Capitolio Nacional. Alejandra oferta una habitación climatizada con excelente confort. El apartamento cuenta con una acogedora sala de estar y un balcón desde el cual podrá disfrutar de la atractiva vista. Suite Cuba.com recomienda especialmente este apartamento por su excelente relación calidad precio. La familia oferta también servicios de lavandería para sus turistas. El parqueo es aparte del precio (alrededor de 1.00 CUC por noche).<br></p>','Alejandra',NULL,NULL,NULL,1,NULL,5,NULL,NULL,NULL,NULL,0,0,NULL,NULL,NULL,NULL),(358,1,19,1,'casa-2-leones','Casa 2 Leones','<p><br></p>','Yanelis','Merced numero 14 entre Oficio y San Ignacio',NULL,NULL,4,NULL,5,NULL,NULL,NULL,NULL,0,0,NULL,NULL,NULL,NULL),(359,2,19,1,'casa-xiomi','Casa Xiomi','<p><br></p>','Xiomara',NULL,NULL,'xiomara13@nauta.cu',3,NULL,5,NULL,NULL,NULL,NULL,0,0,NULL,NULL,NULL,NULL),(360,1,19,1,'casa-william-y-carmen','Casa William y Carmen','<p><br></p>','william','Lamparilla 317 entre Aguacate y Compostela',NULL,NULL,2,NULL,5,5,NULL,NULL,NULL,0,0,NULL,NULL,NULL,NULL),(361,1,38,1,'casa-maria-antonia','Casa Maria Antonia','<p>Casa de Guanabo con total privacidad y excelente confort. Maria Antonia oferta dos habitaciones independientes con climatización una sala-comedor y dos terrazas donde puede sentarse a tomar el sol y disfrutar de la relajante vista y tranquilidad de este lugar. La casa cuenta con parqueo propio. (el precio debajo es por habitacion)<br></p>','Maria Antonia',NULL,NULL,NULL,2,NULL,5,NULL,NULL,NULL,NULL,0,0,NULL,NULL,NULL,NULL),(362,1,25,1,'residencia-herrero','Residencia Herrero','<p>Moderna, amplia y bien decorada casa del Vedado con dos confortables habitaciones climatizadas con baño independiente, freezer, voltaje eléctrico 110 y 220 y plugs estilo americano y europeo. Usted puede hacer uso además de una sala de estar y de una fresca y hermosa terraza en la que puede degustar de la cocina cubana e internacional preparada por la familia. Se oferta además servicios de lavandería. Muy recomendable<br></p>','Herrero',NULL,NULL,NULL,3,NULL,5,NULL,NULL,NULL,NULL,0,0,NULL,NULL,NULL,NULL),(363,1,8,1,'hostal-mabel','Hostal Mabel','<p>Casa ubicada en la histórica y céntrica calle de Padre Pico. Muy famosa por su escalinata, uno de los puntos más conocidos de Santiago de Cuba. La casa oferta dos habitaciones con mucha privacidad. Una de ellas es un apartamento con sala, cocina-comedor y habitación climatizada con baño. La segunda habitación también es amplia y cuenta con baño, refrigerador y aire acondicionado. La casa cuenta con una terraza elevada desde donde se puede disfrutar de una agradable vista a la ciudad, las montañas y la bahía. La casa oferta servicios de desayuno y cenas.<br></p>','Mabel',NULL,NULL,NULL,2,NULL,5,NULL,NULL,NULL,NULL,0,0,NULL,NULL,NULL,NULL),(364,3,1,1,'grisel-y-raidel','Grisel y Raidel','<p>Apartamento de dos habitaciones y un baño con mucha privacidad. Ideal para parejas con niños o para familias pequeñas. El apartamento cuenta además con cocina-comedor, refrigerador, TV, climatización centralizada y una pequeña terraza. La playa está a unos 250-300 metros de la casa<br></p>','Grisel y Raydel',NULL,NULL,NULL,2,NULL,5,NULL,NULL,NULL,NULL,0,0,NULL,NULL,NULL,NULL),(365,1,19,1,'apartamento-zoila','Apartamento Zoila','<p>Apartamento completamente independiente de una habitación. Se encuentra ubicado en un 5to piso y cuenta con elevador. El piso consta de una habitación climatizada con baño, sala, comedor y cocina lista para ser utilizada por los huéspedes. Desde la habitación tiene una vista agradable al Parque de la Fraternidad, El Paseo del Prado y el Capitolio Nacional. En el piso hay caja de seguridad, TV y refrigerador.<br></p>','Zoila',NULL,NULL,NULL,1,NULL,5,NULL,NULL,NULL,NULL,0,0,NULL,NULL,NULL,NULL),(366,1,14,1,'mary-y-angel','Mary y Angel','<p>Villa ubicada a unos 150 metros de la playa en pleno centro de Varadero. Cuenta con 3 habitaciones climatizadas, cada una con baño, aire-acondicionado, refrigerador y TV. La villa, además posee una agradable terraza para tomar el sol y con áreas de sombra. Los dueños ofertan servicios de desayunos, cenas y snacks.<br></p>','Mary y Angel',NULL,NULL,NULL,3,NULL,5,NULL,NULL,NULL,NULL,0,0,NULL,NULL,NULL,NULL),(367,1,2,1,'villa-pepe','Villa Pepe','<p>Casa situada en la Reserva de la Biosfera de Soroa en la Sierra del Rosario en Pinar del río, uno de los más hermosos sitios de la geografía cubana. Pepe alquila una amplia habitación doble con aire acondicionado, baño propio y refrigerador. Usted podrá hacer uso además de la sala, el bar, el portal y una fresca terraza rodeada de la vegetación del lugar. Servicios adicionales: Gastronomía y lavandería<br></p>','Villa Pepe',NULL,NULL,NULL,1,NULL,5,NULL,NULL,NULL,NULL,0,0,NULL,NULL,NULL,NULL),(368,1,38,1,'casa-de-magdalena','Casa de Magdalena','<p>Casa de Guanabo con buen confort, decorado y privacidad. Magdalena oferta una habitación climatizada, una sala de estar, comedor y un agradable portal-terraza rodeado de cocoteros. La casa tiene parqueo para autos.<br></p>','Magdalena',NULL,NULL,NULL,1,NULL,5,NULL,NULL,NULL,NULL,0,0,NULL,NULL,NULL,NULL),(369,1,2,1,'villa-odalis','Villa Odalis','<p>Casa situada en la Reserva de la Biosfera de Soroa en la Sierra del Rosario en Pinar del río, uno de los más hermosos sitios de la geografía cubana. Odalys arrienda una amplia habitación doble con aire acondicionado y baño propio. Usted podrá hacer uso además de la sala de la casa, del portal y una fresca terraza rodeada de vegetación típica del lugar. Servicios adicionales: Gastronomía y lavandería.<br></p>','Odalis',NULL,NULL,NULL,1,NULL,5,NULL,NULL,NULL,NULL,0,0,NULL,NULL,NULL,NULL),(370,1,38,1,'casa-de-lili-y-david','Casa de Lili y David','<p>Acogedor apartamento de Guanabo. Lily y David ofertan dos habitaciones climatizadas con total privacidad. Ud. también podrá disfrutar de la agradable sala, el comedor y una fresca terraza. La familia oferta también servicios de lavandería para sus turistas. La casa tiene parqueo para autos.<br></p>','Lili y David',NULL,NULL,NULL,2,NULL,5,NULL,NULL,NULL,NULL,0,0,NULL,NULL,NULL,NULL),(371,2,25,1,'apartamento-de-lupe','Apartamento de Lupe','<p>Apartamento totalmente privado en El Vedado con tres habitaciones climatizadas, cada una con su baño. El apartamento además tiene una amplia sala-comedor, cocina y un balcón con una hermosa vista del Vedado y el Malecón. Cuenta con garaje. Se encuentra bien cerca de varios hoteles, centros comerciales y centros nocturnos. Se ofertan además servicios de lavandería y gastronomía<br></p>','Lupe',NULL,NULL,NULL,3,NULL,5,NULL,NULL,NULL,NULL,0,0,NULL,NULL,NULL,NULL),(372,1,1,1,'casa-de-ana-lourdes','Casa de Ana Lourdes','<p>gradable apartamento localizado a unos 600 metros de la playa. Aunque no está tan cerca de la playa como otras casas y apartamentos que están disponibles en este sitio, aquí podrá beneficiarse de la tranquilidad de esta área de las playas del este de la capital. Ana Lourdes oferta una habitación climatizada, una cocina en la que puede preparar sus propios alimentos, el baño y un portal-jardín lleno de vegetación. La casa tiene parqueo para autos.<br></p>','Ana Lourdes',NULL,NULL,NULL,1,NULL,5,NULL,NULL,NULL,NULL,0,0,NULL,NULL,NULL,NULL),(373,3,38,1,'ana-maria-garcia','Ana Maria Garcia','<p>Amplia y confortable casa de Guanabo. Ana María oferta una casa con dos habitaciones climatizadas, sala, cocina y terraza. La casa cuenta con muy buenas condiciones y mucha privacidad.<br></p>','Ana Maria',NULL,NULL,NULL,2,NULL,5,NULL,NULL,NULL,NULL,0,0,NULL,NULL,NULL,NULL),(374,1,1,1,'casa-de-ionne','Casa de Ionne','<p>Ionne oferta una habitación climatizada con baño independiente, sala, comedor y un portal muy cómodo. La casa se encuentra ubicada a unos 200-250 metros de la playa. La casa oferta servicios de gastronomía y lavandería<br></p>','Ionne',NULL,NULL,NULL,1,NULL,5,NULL,NULL,NULL,NULL,0,0,NULL,NULL,NULL,NULL),(375,1,1,1,'casa-de-hugo-y-nitza','Casa de Hugo y Nitza','<p>Pequeña casa del Vedado con una habitación climatizada, baño, caja fuerte, freezer, voltage eléctrico 110 y 220 y plugs estilo americano y europeo. Usted puede hacer uso además de una sala de estar y de un agradable jardín-terraza en la que puede disfrutar de la cocina cubana e internacional preparada por la familia. La familia oferta también servicios de lavandería y gastronomia para sus turistas. Desayuno ligero y parqueo incluido.<br></p>','Hugo',NULL,NULL,NULL,1,NULL,5,NULL,NULL,NULL,NULL,0,0,NULL,NULL,NULL,NULL),(376,1,25,1,'casa-de-la-sra-raquel','Casa de la Sra. Raquel','<p>Lujosa casa del Vedado próxima a los principales centros comerciales y hoteles de este ecléctico barrio. Raquel oferta una habitación de estilo clásico con climatización, baño privado y refrigerador. Usted puede hacer uso además de una sala de estar hermosamente decorada y de un portal rodeado de vegetación.  Parqueo incluido.<br></p>','Raquel',NULL,NULL,NULL,1,NULL,5,NULL,NULL,NULL,NULL,0,0,NULL,NULL,NULL,NULL),(377,1,40,1,'apartamento-de-alvaro','Apartamento de Alvaro','<p>Amplio y confortable apartamento de Centro Habana, localizado a escasas dos cuadras del Prado Habanero y del Parque Central y a tres del Capitolio Nacional. Se ofertan dos habitaciones climatizadas con excelente confort. El apartamento cuenta con una acogedora sala de estar La familia oferta también servicios de lavandería para sus turistas.<br></p>','Alvaro',NULL,NULL,NULL,2,NULL,5,NULL,NULL,NULL,NULL,0,0,NULL,NULL,NULL,NULL),(378,1,25,1,'casa-de-teresa-lage','Casa de Teresa Lage','<p>Casa del Vedado con una habitación climatizada, baño, freezer, voltaje eléctrico 110 y 220 y plugs estilo americano y europeo. Usted puede hacer uso además de una sala de estar y de un hermoso jardín-terraza en la que puede degustar de la cocina cubana e internacional preparada por la familia. Se oferta además servicios de lavandería. Esta casa, la cual se encuentra decorada con el mejor gusto, brinda una excelente relación calidad precio. Parqueo incluido.<br></p>','Teresa Lage',NULL,NULL,NULL,1,NULL,5,NULL,NULL,NULL,NULL,0,0,NULL,NULL,NULL,NULL),(379,1,1,1,'casa-de-cecilia-y-rub','Casa de Cecilia y Rub','<p>Casa en el Vedado situada en una de las Avenidas más hermosas de este barrio residencial La Avenida Paseo, próxima a la Plaza de la Revolución donde se encuentra el Memorial José Martí. Otros sitios de interés cercanos son el Teatro Nacional de Cuba donde se encuentran dos de los más populares nightclubs de la Habana El Café Cantante Mi Habana y el Delirio Habanero. Celia Y Rubeén ofertan dos confortables habitaciones climatizadas con baño independiente y refrigerador. La casa está bien decorada con un portal muy acogedor, una agradable sala de estar y un comedor en el que podrá disfrutar de la cocina cubana e internacional preparada por la familia. La familia proporciona todas las comodidades en caso de que UD viaje con un bebe o niño menor de edad. Se oferta además servicios de lavandería y desayuno (estas ofertas no están incluidas en el precio de la habitación).<br></p>','Celia',NULL,NULL,NULL,2,NULL,5,NULL,NULL,NULL,NULL,0,0,NULL,NULL,NULL,NULL),(380,1,38,1,'casa-de-ester','Casa de Ester','<p>Casa de Guanabo con buen confort, y privacidad. Ester oferta una habitación climatizada, una sala de estar, comedor y un agradable portal-terraza rodeado de abundante vegetación. La familia oferta también servicios de lavandería para sus turistas. La casa tiene parqueo para autos<br></p>','Ester',NULL,NULL,NULL,1,NULL,5,NULL,NULL,NULL,NULL,0,0,NULL,NULL,NULL,NULL),(381,1,29,1,'casa-de-idaisy-martinez','Casa de Idaisy Martinez','<p>Amplia y acogedora casa de Playa, próxima al afamado cabaret Tropicana. Idaisy oferta dos habitaciones climatizadas de gran confort y con total privacidad. Ud. podrá disfrutar además de una sala de estar, un balcón con agradable vista y un fantástico jardín terraza en donde podrá disfrutar de un inolvidable barbecue. La familia oferta también servicios de lavandería y gastronomia para sus turistas.<br></p>','Idaisy Martinez',NULL,NULL,NULL,2,NULL,5,NULL,NULL,NULL,NULL,0,0,NULL,NULL,NULL,NULL),(382,1,14,1,'casa-de-wilfredo','Casa de Wilfredo','<p>Moderna y confortable casa del reparto residencial de La Playa. Se encuentra a sólo 30 Km. de Varadero, a 15 Km. del Aeropuerto Internacional de Varadero Juan Gualberto Gómez y a unos 10 Km. del Cabaret Tropicana Varadero. Wilfredo oferta una habitación climatizada con baño privado y nevera. El cuarto cuenta con excelente confort y privacidad, pero lo que más atrae de él es su amplio portal con vista a la hermosa bahía matanzera. La casa oferta servicios gastronómicos y de lavandería<br></p>','Wilfredo',NULL,NULL,NULL,1,NULL,5,NULL,NULL,NULL,NULL,0,0,NULL,NULL,NULL,NULL),(383,3,25,1,'casa-de-erasmo','Casa de Erasmo','<p>Moderna y bien decorada casa del Vedado con dos confortables habitaciones climatizadas con baño, freezer, voltaje eléctrico 110 y 220 y plugs estilo americano y europeo. Usted puede hacer uso además de una sala de estar con atractiva decoración, el comedor y un hermoso patio rodeado de vegetación y aves tropicales. Se ofertan además servicios gastronómicos y de lavandería <br></p>','Erasmo',NULL,NULL,NULL,2,NULL,5,NULL,NULL,NULL,NULL,0,0,NULL,NULL,NULL,NULL),(384,1,25,1,'casa-de-belquis','Casa de Belquis','<p>Bella casa del Vedado habanero con dos lujosas habitaciones climatizadas con baño independiente, caja fuerte, freezer, plugs eléctrico estilo americano y europeo. Uno de los cuartos cuenta con un balcón con una agradable vista de este ecléctico barrio. Usted puede hacer uso además de una sala de estar y de una terraza en la que puede disfrutar de la cocina cubana e internacional preparada por la familia. La familia oferta también servicios de lavandería y gastronomia para sus turistas. Desayuno ligero y parqueo incluido.<br></p>','Belquis',NULL,NULL,NULL,2,NULL,5,NULL,NULL,NULL,NULL,0,0,NULL,NULL,NULL,NULL),(385,1,1,1,'casa-de-zoe-dopico','Casa de Zoe Dopico','<p>Maravillosa casa de piedra con dos habitaciones climatizadas y un decorado impecable. Ud. podrá hacer uso además de una agradable sala de estar y una terraza. La casa está localizada a unas pocas cuadras de uno de los cabaret más famosos del mundo, Tropicana. La familia oferta también servicios de lavandería y gastronomia para sus turistas. El parqueo se incluye dentro del precio<br></p>','Zoe',NULL,NULL,NULL,2,NULL,5,NULL,NULL,NULL,NULL,0,0,NULL,NULL,NULL,NULL),(386,1,29,1,'casa-de-ariel','Casa de Ariel','<p>Amplio y acogedor apartamento de Miramar, situado muy cerca de los principales hoteles y centros comerciales y de negocios de este magnífico barrio. Ariel oferta una espaciosa y confortable habitación climatizada además de una sala bellamente decorada, un comedor, una terraza y un agradable portal. La familia oferta también servicios de lavandería y gastronomia para sus turistas. El parqueo está incluido en el precio.<br></p>','Ariel',NULL,NULL,NULL,1,NULL,5,NULL,NULL,NULL,NULL,0,0,NULL,NULL,NULL,NULL),(387,1,29,1,'casa-de-marianela','Casa de Marianela','<p>Espacioso apartamento de Miramar, situado en el corazón de este lujoso barrio residencial. Marianela oferta una confortable habitación climatizada. Ud. podrá disfrutar también de una sala y un comedor además de una maravillosa terraza rodeada de vegetación. La familia oferta también servicios de lavandería y gastronomia para sus turistas. El parqueo está incluido en el precio.<br></p>','Marianela',NULL,NULL,NULL,1,NULL,5,NULL,NULL,NULL,NULL,0,0,NULL,NULL,NULL,NULL),(388,1,1,1,'casa-de-bertila-ayala','Casa de Bertila Ayala','<p>Agradable y confortable casa de este lujoso y tranquilo barrio capitalino. Berta oferta dos espaciosas habitaciones climatizadas, un comedor y una sala de estar con atractiva decoración. Seguramente Ud. disfrutará mucho el placentero portal-jardín y la privacidad de esta hermosa casa. La familia oferta también servicios de lavandería y gastronomia para sus turistas. El parqueo se incluye dentro del precio.<br></p>','Bertila Ayala',NULL,NULL,NULL,2,NULL,5,NULL,NULL,NULL,NULL,0,0,NULL,NULL,NULL,NULL),(389,1,25,1,'casona-de-calzada','Casona de Calzada','<p>Casona de estilo colonial ubicada en pleno centro del Vedado. Esta es una de las casas más antiguas del Vedado. Cuenta con amplios salones, una terraza grande con mucha vegetación y 5 habitaciones climatizadas grandes con baño cada una. La casa oferta un servicio a tiempo completo de gastronomía. Además de lavandería y seguridad a tiempo completo. Es una casa ideal para grupos grandes<br></p>','Calzada',NULL,NULL,NULL,3,NULL,5,NULL,NULL,NULL,NULL,0,0,NULL,NULL,NULL,NULL),(391,1,1,1,'casa-de-jorge-araoz','Casa de Jorge Araoz','<p>Apartamento con total privacidad de una habitación climatizada y cocina (Ud. puede preparar sus propios alimentos) Lo más excitante de este apartamento es la maravillosa terraza en la cual puede tomar el sol o sentarse a leer un buen libro bajo el toldo rodeado de una agradable vista. La familia oferta también servicios de lavandería y gastronomia para sus turistas.El parqueo se incluye dentro del precio.<br></p>','Jorge',NULL,NULL,NULL,1,NULL,5,NULL,NULL,NULL,NULL,0,0,NULL,NULL,NULL,NULL),(392,1,39,1,'casa-de-lidia','Casa de Lidia','<p>Lujosa casa de Nuevo Vedado con una maravillosa decoración a la usanza de los años 50 del pasado siglo. Lidia oferta una amplia habitación climatizada con muebles clásicos. Usted podrá disfrutar de varias salas, saletas, portales y terrazas de esta majestuosa casa en donde encontrará todas las comodidades y seguridad propia de los mejores hoteles del país. La familia oferta también servicios de lavandería y gastronomia para sus turistas. Parqueo incluido.<br></p>','Lidia',NULL,NULL,NULL,1,NULL,5,NULL,NULL,NULL,NULL,0,0,NULL,NULL,NULL,NULL),(393,1,39,1,'casa-de-sonia-curbelo','Casa de Sonia Curbelo','<p>Confortable casa de Nuevo Vedado. Sonia oferta dos amplias habitaciones climatizadas con todas las comodidades. En la casa, Ud. podrá hacer uso de la sala de estar y un agradable portal. La familia oferta también servicios de lavandería y gastronomia para sus turistas.<br></p>','Sonia Curbelo',NULL,NULL,NULL,2,NULL,5,NULL,NULL,NULL,NULL,0,0,NULL,NULL,NULL,NULL),(394,1,29,1,'casa-de-diago-y-yanet','Casa de Diago y Yanet','<p>Amplia y acogedora casa de Playa, próxima al afamado cabaret Tropicana. Diago, uno de los más destacados jugadores de voleibol del planeta en la pasada década, oferta dos habitaciones climatizadas de gran confort. Ud. podrá disfrutar además de una sala de estar, un balcón con agradable vista y un fantástico jardín terraza en donde podrá disfrutar de un inolvidable barbecue. La familia oferta también servicios de lavandería y gastronomia para sus turistas. Parqueo se incluido.<br></p>','Diago y Yanet',NULL,NULL,NULL,2,NULL,5,NULL,NULL,NULL,NULL,0,0,NULL,NULL,NULL,NULL),(395,1,29,1,'apartamento-de-jorge-felix-y-nora','Apartamento de Jorge Felix y Nora','<p>Jorge Félix oferta un apartamento con una habitación climatizada y total privacidad. El apartamento, adyacente a su casa, se encuentra a unas pocas cuadras del famoso cabaret Tropicana. También podrá hacer uso de una pequeña sala de estar y la cocina. La familia oferta también servicios de lavandería y gastronomia para sus turistas. El parqueo, caja fuerte y conexión a Internet se incluyen dentro del precio.<br></p>','Jorge',NULL,NULL,NULL,1,NULL,5,NULL,NULL,NULL,NULL,0,0,NULL,NULL,NULL,NULL),(396,2,29,1,'casa-de-rafael-y-elizabeth','Casa de Rafael y Elizabeth','<p>Hermosa casa de Playa, próxima a Tropicana uno de los cabaret más famosos del mundo. Rafael oferta una habitación clásica con climatización, freezer, plugs eléctrico estilo americano y europeo. La habitación cuenta con entrada independiente por lo que usted disfrutará de total independencia. La habitación tiene una agradable vista de este barrio. También puede hacer uso de un portal y una terraza. Parqueo se incluye dentro del precio<br></p>','Rafael',NULL,NULL,NULL,1,NULL,5,NULL,NULL,NULL,NULL,0,0,NULL,NULL,NULL,NULL),(397,1,1,1,'casa-de-jorge','Casa de Jorge','<p>Apartamento con total privacidad de una habitación climatizada y cocina (Ud. puede preparar sus propios alimentos) Lo más excitante de este apartamento es la maravillosa terraza en la cual puede tomar el sol o sentarse a leer un buen libro bajo el toldo rodeado de una agradable vista. La familia oferta también servicios de lavandería y gastronomia para sus turistas. El parqueo se incluye dentro del precio.<br></p>','Jorge Araoz',NULL,NULL,NULL,1,NULL,5,NULL,NULL,NULL,NULL,0,0,NULL,NULL,NULL,NULL),(398,2,6,1,'villa-jose-manuel-y-maria-elena','Villa Jose Manuel y Maria Elena','<p>Casa ubicada en el hermoso barrio costero de Punta Gorda. Esta es una casa que oferta toda la privacidad. Cuenta con dos amplias habitaciones climatizadas, dos baños, sala, comedor, portal y una amplia terraza. La casa asegura seguridad 24 horas y servicios de desayunos, cenas y lavandería.<br></p>','Jose Manuel y Marta Elena',NULL,NULL,NULL,2,NULL,5,NULL,NULL,NULL,NULL,0,0,NULL,NULL,NULL,NULL),(399,1,6,1,'casa-de-julia-ester','Casa de Julia Ester','<p>Casa localizada en Punta Gorda uno de los barrios más hermosos de Cienfuegos y de Cuba. Berta oferta dos amplias y confortables habitaciones climatizadas. Ambas habitaciones cuentan con baño independiente y mucha privacidad. Los visitantes pueden hacer uso además de la sala, el portal y una fresca terraza al fondo de la casa. Usted es libre de preparase sus alimentos o puede ser servido por la familia. Los servicios de lavandería también están disponibles.<br></p>','Julia Ester',NULL,NULL,NULL,2,NULL,5,NULL,NULL,NULL,NULL,0,0,NULL,NULL,NULL,NULL),(400,1,6,1,'casa-de-mandy','Casa de Mandy','<p>Confortable apartamento de Punta Gorda en Cienfuegos con una espaciosa habitación climatizada, baño privado y una fresca terraza con una vista maravillosa de la bahía de Cienfuegos. Este agradable apartamento es muy tranquilo y cuenta con mucha privacidad. Armando (Mandy) y su esposa, los dueños, son unos excelentes anfitriones. Armando es además cocinero profesional (Ha trabajado como chef en varios hoteles de Cuba y también en Chile<br></p>','Mandy',NULL,NULL,NULL,1,NULL,5,NULL,NULL,NULL,NULL,0,0,NULL,NULL,NULL,NULL),(401,1,25,1,'casa-de-raiza','Casa de Raiza','<p>Casa del Vedado con una habitación climatizada, baño, freezer, voltaje eléctrico 110 y 220 y plugs estilo americano y europeo. Usted puede hacer uso además de una sala de estar y de un hermoso jardín-terraza en la que puede degustar de la cocina cubana e internacional preparada por la familia. Se oferta además servicios de lavandería. Esta casa, la cual se encuentra decorada con el mejor gusto, brinda una excelente relación calidad precio.<br></p>','Raiza',NULL,NULL,NULL,1,NULL,5,NULL,NULL,NULL,NULL,0,0,NULL,NULL,NULL,NULL),(402,1,25,1,'casa-aracelis-y-manuel','Casa Aracelis y Manuel','<p> Apartamento localizado en pleno corazón del Vedado frente el Hotel Nacional de Cuba. Araceli y Manuel ofertan dos habitaciones climatizadas, cada una con su baño, TV y un pequeño refrigerador. Los visitantes disfrutarán mucho la sala y en especial el balcón con vista a la entrada del hotel Nacional de Cuba. La casa oferta servicios de gastronomía y lavandería.<br></p>','Aracelis y Manuel',NULL,NULL,NULL,2,NULL,5,NULL,NULL,NULL,NULL,0,0,NULL,NULL,NULL,NULL),(403,1,25,1,'apartamento-tete','Apartamento Tete','<p>Apartamento en el Vedado habanero con vista al Malecón y muy cerca del Hotel Nacional de Cuba. Tete oferta una confortable habitación climatizada con baño privado. Los visitantes podrán disfrutar además de una sala de estar con una decoración muy atractiva y de un balcón con una hermosa vista del litoral habanero (Malecón) y buena parte del Vedado. (Una opción muy recomendada) Se ofertan también: Servicios gastronómicos: Lavandería<br></p>','Tete',NULL,NULL,NULL,1,NULL,5,NULL,NULL,NULL,NULL,0,0,NULL,NULL,NULL,NULL),(404,1,25,1,'apartamento-macias','Apartamento Macias','<p>Espacioso apartamento totalmente privado en El Vedado con tres habitaciones climatizadas con dos baños. El apartamento cuenta también con una amplia sala, comedor, cocina y dos balcones con vista a la avenida Línea. Se encuentra bien cerca de varios hoteles, centros comerciales y centros nocturnos. Se ofertan además servicios de lavandería y gastronomía. <br></p>','Macias',NULL,NULL,NULL,3,NULL,5,NULL,NULL,NULL,NULL,0,0,NULL,NULL,NULL,NULL),(405,1,25,1,'apartamento-merida','Apartamento Merida','<p>Apartamento localizado en El Vedado, oferta una habitación climatizada con baño. El apartamento cuenta con sala, comedor, cocina y un balcón con vista al Vedado, Miramar y al Río Almendares. La familia oferta servicios de gastronomía y lavandería<br></p>','Merida',NULL,NULL,NULL,1,NULL,5,NULL,NULL,NULL,NULL,0,0,NULL,NULL,NULL,NULL),(406,1,25,1,'penth-house-malecon','Penth-house Malecon','<p>Apartamento pent-house con dos amplias habitaciones climatizadas. Cada habitación cuenta con baño independiente, refrigerador, televisor y caja de seguridad. Ambas habitaciones son totalmente privadas (con entrada independiente). La habitación # 1, además tiene una sala con bar y un espacioso balcón con vista a la ciudad y su Malecón. La habitación # 2, cuenta también con una amplia terraza, ideal para tomar el sol y disfrutar de la hermosa vista de la Avenida 23 del Vedado, El hotel Nacional de Cuba y El Malecón habanero. Se encuentra ubicado en el corazón de la vida nocturna y cultural de La Habana. La Habana vieja y su centro histórico se encuentran a sólo 3-5 minutos en coche. SuiteCuba, recomienda muy especialmente este apartamento.<br></p>','Malecon',NULL,NULL,NULL,2,NULL,5,NULL,NULL,NULL,NULL,0,0,NULL,NULL,NULL,NULL),(407,1,6,1,'casa-de-berta','Casa de Berta','<p>Amplia casa ubicada en Punta Gorda, barrio de Cienfuegos, declarado junto a su centro histórico, como Patrimonio de La Humanidad. Berta oferta dos habitaciones climatizadas cada una con baño. En la casa podrá disfrutar además, de una sala con TV, comedor, portal y terraza. La casa oferta servicios de desayunos y cenas.<br></p>','Berta',NULL,NULL,NULL,2,NULL,5,NULL,NULL,NULL,NULL,0,0,NULL,NULL,NULL,NULL),(408,1,6,1,'casa-bella-perla-parina','Casa Bella Perla Parina','<p>Casa ubicada en pleno centro de Cienfuegos a escasos 100 metros de la Avenida principal de esta hermosa ciudad, El Paseo del Prado. La casa oferta dos habitaciones climatizadas, cada una con su baño y tv. Una de las dos habitaciones tiene entrada independiente para los turistas. Podrá disfrutar además de una amplia y acogedora terraza- jardín desde la cual puede disfrutar de agradables vistas de la bahía cienfueguera, todo unido a la exquisitez de los desayunos, fabulosas cenas y ricos mojitos elaborados por los gentiles anfitriones de la casa.<br></p>','Perla',NULL,NULL,NULL,2,NULL,5,NULL,NULL,NULL,NULL,0,0,NULL,NULL,NULL,NULL),(409,2,25,1,'casa-mirta','Casa Mirta','<p>Bella casa del Vedado habanero con dos lujosas habitaciones climatizadas con baño independiente (una de las habitaciones cuenta con un pequeño spa que incluye Jacuzzi), freezer, plugs eléctrico estilo americano y europeo. Uno de los cuartos cuenta con un balcón con una agradable vista de este ecléctico barrio. Usted puede hacer uso además de una sala de estar y de una terraza en la que puede disfrutar de la cocina cubana e internacional preparada por la familia. La familia oferta también servicios de lavandería y gastronomía para sus turistas. Desayuno ligero y parqueo incluido.<br></p>','Mirta',NULL,NULL,NULL,2,NULL,5,NULL,NULL,NULL,NULL,0,0,NULL,NULL,NULL,NULL),(411,1,25,1,'apartamento-ana-julia','Apartamento Ana Julia','<p>Apartamento ubicado en el edificio más alto de La Habana, El FOCSA. La localización de este piso es óptima en medio del corazón del Vedado, el barrio más popular de La Habana. El Hotel Nacional de Cuba, El Hotel Habana Libre, La heladería Coppelia y La Rampa, todos lugares emblemáticos de esta ciudad, se encuentran a escasos 100-300 metros. Esta es la zona más movida de La Habana. El apartamento en cuestión cuenta con 3 habitaciones climatizadas, sala, comedor, cocina y un balcón con una agradable vista a la ciudad, el Malecón y El Hotel Nacional. El apartamento tiene mucha privacidad. Se ofertan servicios de desayuno y cena.<br></p>','Ana Julia',NULL,NULL,NULL,3,NULL,5,5,NULL,NULL,NULL,0,0,NULL,NULL,NULL,NULL),(412,1,29,1,'hostal-marco-daniel','Hostal Marco Daniel','<p>Casa ubicada en Playa a unos 300 metros de la 5ta Avenida de Miramar. Muy cerca de esta casa se encuentra el Centro de Negocios de Miramar y varios de los hoteles de la zona como El Melía Habana y El Occidental Miramar, entre otros. La casa oferta 3 habitaciones climatizadas con baño privado cada una, TV, teléfono y nevera. Una de las habitaciones es un bungalow que, además del cuarto de dormir, tiene sala, comedor y cocina. Cada habitación puede rentarse de manera separada porque cada una tiene entrada independiente. Rodeando a la casa hay un patio amplio con barbecue y bar. La casa cuenta con garaje y con custodio nocturno. La casa oferta servicios de desayunos y cenas a solicitud de los clientes.<br></p>','Marco',NULL,NULL,NULL,3,NULL,5,NULL,NULL,NULL,NULL,0,0,NULL,NULL,NULL,NULL),(413,1,6,1,'casa-sarria','Casa Sarria','<p>Casa de Cienfuegos localizada en el hermoso barrio Punta Gorda, muy cerca del Malecón de Cienfuegos, el Hotel Jagua, el Palacio de Valle y varios de los más populares centros nocturnos y restaurantes de la ciudad. La familia Sarría oferta dos habitaciones climatizadas (una de ellas dobles). Los visitantes disfrutarán el fresco portal con jardín de esta casa. La familia es muy hospitalaria y servicial. La familia oferta servicios gastronómicos y de lavandería.<br></p>','Sarria',NULL,NULL,NULL,2,NULL,5,NULL,NULL,NULL,NULL,0,0,NULL,NULL,NULL,NULL),(414,1,7,1,'casa-de-familia-gil','Casa de Familia Gil','<p>Bella casa colonial de Trinidad, la ciudad detenida en el tiempo. Localizada en pleno centro de la ciudad, se promueve una habitación climatizada con baño independiente, freezer, voltaje eléctrico 110 y 220 y plugs americano y europeo. Usted podrá disfrutar además de una excelente decoración y de una típica terraza colonial. No pierda la oportunidad de conocer esta centenario casa y la hospitalidad de esta culta familia trinitaria. Los servicios de lavandería también están disponibles<br></p>','Lemes',NULL,NULL,NULL,1,NULL,5,5,NULL,NULL,NULL,0,0,NULL,NULL,NULL,NULL),(415,1,7,1,'casa-de-mercedes','Casa de Mercedes','<p>Hermosa casa colonial, localizada en pleno centro de Trinidad. Mercedes renta dos espaciosas habitaciones con baño independiente. El mobiliario de la casa es típico de la época colonial. La casa tiene un patio en el cual son servidos los desayunos y las cenas... La familia es muy agradable y servicial. La familia oferta también servicios de lavandería para sus turistas.<br></p>','Mercedes',NULL,NULL,NULL,2,NULL,5,5,NULL,NULL,NULL,0,0,NULL,NULL,NULL,NULL),(416,1,25,1,'casa-graciela','Casa Graciela','<p>Este es un excelente apartamento pent-house localizado en pleno corazón del Vedado, muy cerca de varios hoteles, centros comerciales, restaurantes bares y museos. El apartamento es dúplex, en la primera planta hay una sala con atractiva decoración y baño para huéspedes y un balcón con vista al Vedado. En la segunda planta se encuentran las 3 habitaciones dobles, cada una con baño, aire acondicionado y TV. Aquí también hay un pantry con refrigerador. Lo más atractivo del apartamento es la amplia terraza con vista al mar y al Vedado. Parte de esta terraza es un solárium y en el resto se pueden degustar los desayunos y cenas preparados por la familia hospedera mientras se disfruta de la vista y la brisa. El apartamento brinda total privacidad si se alquila completo. No obstante, también es posible alquilarlo por habitación. Otro servicio disponible es la lavandería. <br></p>','Graciela',NULL,NULL,NULL,3,NULL,5,5,NULL,NULL,NULL,0,0,NULL,NULL,NULL,NULL),(417,1,29,1,'pent-house-mauricio','Pent-house Mauricio','<p>Apartamento penthouse. Se ofertan dos confortables habitaciones con baño privado, agua Fría y caliente, refrigerador TV, teléfono y demás comodidades. Localizado en la desembocadura del río Almendares en la frontera entre Miramar y Vedado. Desde sus balcones podrá ver las mejores vistas del río y el inicio del Malecón. <br></p>','Mauricio',NULL,NULL,NULL,2,NULL,5,NULL,NULL,NULL,NULL,0,0,NULL,NULL,NULL,NULL),(418,1,8,1,'casa-de-rolando','Casa de Rolando','<p>Casa colonial construida en el 1900 que aún conserva los pisos, techos, ventanas y puertas originales. La casa de Rolando y Laudelina se encuentra ubicada en pleno centro histórico de la ciudad de Santiago de Cuba a unas pocas cuadras del Parque Céspedes, la Casa de La Música de Santiago y La Casa de la Trova. A unos 300 metros hay un cyber café. Esta hospitalaria familia oferta dos espaciosas habitaciones dobles con climatización y baño privado. La casa también dispone de sala, saleta, cocina comedor y un refrescante patio central. La familia oferta servicios gastronómicos y de lavandería.<br></p>','Rolando',NULL,NULL,NULL,2,NULL,5,5,NULL,NULL,NULL,0,0,NULL,NULL,NULL,NULL),(419,1,11,1,'hostal-los-amigos','Hostal Los Amigos','<p>Típica casa colonial en Gibara con gran confort. La casa oferta dos habitaciones climatizadas con baño y televisión. Ofrece un atractivo y amplio patio interior donde podrá disfrutar de los desayunos y cenas preparados por la familia. Está ubicada a pocos metros de la playa donde han creado un centro náutico muy atractivo<br></p>','Amigo',NULL,NULL,NULL,1,NULL,5,NULL,NULL,NULL,NULL,0,0,NULL,NULL,NULL,NULL),(420,1,14,1,'orlando-y-kelly','Orlando y Kelly','<p>Villa localizada en pleno centro de Varadero, a unos pocos metros del Parque Josone y del Hotel 4 Palmas. La playa se encuentra a unos 150-200 metros de la casa. La villa oferta 3 excelentes habitaciones, cada una con baño, aire acondicionado, refrigerador y TV. Una de las habitaciones cuenta con cocina. También es de destacar la terraza de la villa donde se sirven los desayunos y cenas que oferta la casa.<br></p>','Orlando y Kelly',NULL,NULL,NULL,3,NULL,5,NULL,NULL,NULL,NULL,0,0,NULL,NULL,NULL,NULL),(421,1,11,1,'hostal-esmeralda','Hostal Esmeralda','<p>Casa típica casa de estilo colonial en Gibara con gran confort. La casa oferta una habitación climatizada con baño y televisión. Es muy atractivo también el patio interior de la casa donde podrá disfrutar de los desayunos y cenas preparados por la familia. La casa se ubica a pocos metros de la playa y el centro náutico muy atractivo.<br><br></p>','Esmeralda',NULL,NULL,NULL,1,NULL,5,5,NULL,NULL,NULL,0,0,NULL,NULL,NULL,NULL),(422,1,43,1,'casa-de-amarilis','Casa de Amarilis','<p>Hermosa casa localizada en pleno centro de Bayamo. Amarilis y José ofertan dos habitaciones climatizadas con baño. La casa cuenta con una agradable decoración y un patio trasero encantador con una fuente y mucha vegetación, ideal para disfrutar de los servicios de desayunos y cenas que prepara esta hospitalaria familia bayamesa<br></p>','Amarilis',NULL,NULL,NULL,2,NULL,5,NULL,NULL,NULL,NULL,0,0,NULL,NULL,NULL,NULL),(423,1,8,1,'casa-de-antonia','Casa de Antonia','<p>Casa localizada en pleno centro de Santiago de Cuba, muy cerca de los principales sitios de interés de esta maravillosa ciudad caribeña. María Antonia oferta una espaciosa y confortable habitación climatizada con privacidad y seguridad. Usted también podrá disfrutar de una sala de estar y de un comedor en el cual podrá disfrutar de la comida criolla e internacional preparada por la familia. La casa oferta servicios gastronómicos y de lavandería. El parqueo no se incluye en el precio.<br></p>','Antonia',NULL,NULL,NULL,1,NULL,5,5,NULL,NULL,NULL,0,0,NULL,NULL,NULL,NULL),(424,1,8,1,'casa-de-ayala','Casa de Ayala','<p>Casa localizada en pleno centro de Santiago de Cuba, muy cerca de los principales sitios de interés de esta maravillosa ciudad caribeña. Jesús oferta dos espaciosas y confortables habitaciones climatizadas con privacidad y seguridad. Usted también podrá disfrutar de una sala de estar, de un comedor y una terraza desde la cual podrá apreciar una hermosa vista de las montañas que bordean la ciudad y la bahía de Santiago. La casa oferta servicios gastronómicos y de lavandería. El parqueo no se incluye en el precio<br></p>','Ayala',NULL,NULL,NULL,2,NULL,5,5,NULL,NULL,NULL,0,0,NULL,NULL,NULL,NULL),(425,1,32,1,'casa-de-alina','Casa de Alina','<p>Casa de Camagüey con una arquitectura típica de comienzos del pasado siglo XX. Alina oferta una habitación con climatización, baño privado y refrigerador. Usted también podrá disfrutar de una sala de estar y una agradable terraza. Servicios gastronómicos y lavandería. El parqueo está incluido.<br></p>','Alina',NULL,NULL,NULL,1,NULL,5,5,NULL,NULL,NULL,0,0,NULL,NULL,NULL,NULL),(426,1,32,1,'casa-aleida','Casa Aleida','<p>Casa ubicada en el Centro Histórico de la Ciudad de Camagüey, donde la atención al cliente es prioridad. Es una casa de principios del 50, remodelada en la década de los 50, pero conserva un estilo neoclásico de la época y tiene espaciosos y confortables locales, una natural iluminación y ventilación, con vistas al jardín y a la terraza, además de un bonito jardín con hermosas flores ornamentales. La casa tiene una cómoda habitación con su baño privado.<br></p>','Aleida Rios Cabezas                  Licence: 89314659','San Martin #580 entre San Ramón y Santa Rosa. Camagüey,. Cuba.','(53) (32) 240612 (53) (5) 3367441','aleidario@yahoo.es',1,NULL,5,5,NULL,NULL,NULL,1,0,NULL,NULL,NULL,'5473f71057805.jpeg'),(427,1,32,1,'casa-deysi','Casa Deysi','<p>Casa con más de 14 años en el servicio de renta y a menos de 60 metros de la calle República, una de las calles principales del centro de ciudad, le ofrecemos una habitación amplia, con ventanas que permiten la ventilación natural, una cama matrimonial y una personal, con aire acondicionado y baño privado con agua fría y caliente, TV y refrigerador<br></p>','Evelin Perez Leyva','Santa Rita (Solitario)16 A (altos) entre República y Santa Rosa.','(53) (32) 293348  (53) (5) 3135530','casadeysi1998@gmail.com',1,NULL,5,5,NULL,NULL,NULL,0,0,NULL,NULL,NULL,'5473f9e686859.jpeg'),(428,1,6,1,'hostal-el-barbero','Hostal El Barbero','<p><br></p>','Duniel y Maite','Carretera de Cienfuegos, casa número 678',NULL,'mayitogiron@gmail.com',2,NULL,5,5,NULL,NULL,NULL,1,0,NULL,NULL,NULL,'54935f22eac12.jpeg'),(429,1,5,1,'hostal-mayito','Hostal Mayito','<p><br></p>','Mario García Rodríguez','Playa Girón, Ciénaga de Zapata,       numero :     346','(53)(45) 984444    /53) (5) 2279606','mayitogiron1@gmail.com',1,NULL,5,5,5,NULL,NULL,0,0,NULL,NULL,NULL,NULL),(430,1,32,1,'casa-caridad','Casa Caridad','<p><br></p>','Caridad Garcia Valera','San Esteban número 310 A entre Bartolomé Masó y Pedro Alallo','(53) (32) 291554','caridadgarciavalera@gmail.com',3,NULL,5,5,NULL,NULL,NULL,0,0,NULL,NULL,NULL,NULL),(431,1,7,1,'hostal-lozanos','Hostal Lozano`s','<p>Rento dos habitaciones completamente independiente con pequeñas terraza, una con vista a la calle y la otra con vista a la ciudad, cada una tiene, aire acondicionado, nevera, tv, ventilador, caja fuerte, agua fría y caliente 24 horas, dos camas matrimoniales, ventanas, secador de pelo, mi casa está situada a solo 5 minutos del centro de la ciudad, todos los clientes serán recibido con un coctel de bienvenida a su gusto ya sea café o jugo de frutas naturales, tendrán la posibilidad de desayunos y cenas, muy bien elaboradas, en nuestro patio con un ranchón de guano muy acogedor y amplio. Trinidad es una ciudad muy bella y completa, tiene casacada, playas, montañas, caña de azúcar, tenemos un pequeño coche a disposición de los clientes para sus excurciones, a un buen precio, también tenemos una terraza en el tercer nivel donde podrán disfrutar de toda la ciudad, podrán hacer fotos, y ver una bella puesta de sol, tomándose unos ricos cocteles como cuba libre, mojitos, canchanchara.<br><br><br><br></p>','Elsa y Olga','Miguel Calzada entre Camilo Cienfuegos y Jesús Betancourt Cuidad :  Trinidad, Sancti Spiritus','(53) (41) 992376  (53) (5) 2649939','leosbelito15@gmail.com',2,NULL,5,5,NULL,NULL,NULL,0,0,NULL,NULL,NULL,'547e3ed3b606c.jpeg'),(432,1,7,1,'hostal-el-jardin','Hostal el Jardin','<p><br></p>','Yurgulvis Catiñeira','Calle Real número 14 B Playa La Boca','(53) (41) 994563','63caridad@correodecuba.cu',2,NULL,5,5,NULL,NULL,NULL,0,0,NULL,NULL,NULL,NULL),(433,1,6,1,'hostal-cienfuegos-center','Hostal Cienfuegos Center','<p><!--[if gte mso 9]><xml>\r\n <o:OfficeDocumentSettings>\r\n  <o:RelyOnVML></o:RelyOnVML>\r\n  <o:AllowPNG></o:AllowPNG>\r\n </o:OfficeDocumentSettings>\r\n</xml><![endif]--></p>Nuestro Hostal Cienfuegos Center  se encuentra a  150 metros de la Avenida del Prado, a 200m de boulevard, 400 m del Parque José Martí, a 700 m de la Terminal de Ómnibus Via azul, y 600m del malecón  se ubica en el centro de la ciudad de Cienfuegos conocida como la Perla del Sur por su belleza  y limpieza inigualable, esta casa ha sido  construida a principios del siglo XX, a pesar de haber sufrido algunas modificaciones  mantiene su espíritu original y estructura de la época. <br>Las habitaciones   de renta  se encuentran  en la segunda planta  de la casa de forma independiente  son grandes y poseen dos  camas matrimoniales, aire acondicionado, ventilador, agua fría y caliente las 24 horas, baño privado, mini bar (agua natural o gaseada, refresco gaseado, cerveza y vinos), caja de seguridad, secador de pelo, paraguas, teléfono,  consta de  tres  terrazas una con vista a la ciudad donde se sirven excelentes desayunos, almuerzos, meriendas y cenas, otra al final del hostal techada y ambientada con plantas ornamentales, además sirve para descansar, leer, oír música, bailar..., y la  tercera terraza con una vista preciosa donde puede tomar fotos de toda la ciudad, tendrá excelentes recuerdos si decide visitarnos.<br>Servicios:<br>Se ofrecen servicios de lavandería y planchado, guía por la ciudad, consejos de excursiones, parqueo, servicio de taxis, facilidades para la renta de habitaciones en otras ciudades y zonas turísticas del país, brindamos una amplia información turística sobre lugares a visitar, en nuestro hostal encontrara una familia cubana que les brinda amistad, hospitalidad y seguridad.<br>¡Haga su casa en Cienfuegos, no se arrepentirá!<br>Cienfuegos. Provincia cubana localizada en la región centro-sur de Cuba. Su capital de cabecera lleva el mismo nombre y se le reconoce indistintamente como la Perla del Sur o la linda ciudad del mar. Cuenta con un producto turístico peculiar, en el que se destacan como elementos fundamentales el potencial náutico. La ciudad conserva el atractivo principal en el centro histórico, conjunto de edificaciones que mantienen el ambiente tradicional y el valor de las construcciones, pues se ha logrado integrar las antiguas y las modernas, formando una unidad ambiental que la identifica dentro de las ciudades del Siglo XIX, cualidad que se ha tenido en cuenta por los organismos internacionales para otorgarle la condición de Patrimonio Cultural de la Humanidad.<br><br><br><br>','Luis Emilio y Odalys','Ave 50  numero 3320  e/  33   y  35','(53) (43) 519370        : (5) (3380622)','luiseodalys@gmail.com',2,NULL,5,5,NULL,NULL,NULL,1,0,NULL,NULL,NULL,'547e7dba5d55c.jpeg'),(434,1,40,1,'casa-ivis','Casa Ivis','<p>se renta una habitacion con 2 camas independiente, aire acondicionado o ventilador segun prefiera el cliente, bano privado solo para el cliente con agua fria y caliente. Excelente opcion para pasar unos dias inolvidables.<br></p>','Ivis','Calle Consulado No. 28 bajos entre Genio y Carcel Centro Habana',NULL,NULL,1,NULL,5,5,NULL,NULL,NULL,1,0,NULL,NULL,NULL,'547e7ab824936.jpeg'),(435,1,19,1,'casa-de-maria-elena','Casa de Maria Elena','<p><br></p>','Maria Elena Rodríguez Hernández','Calle Santa Clara numero 164 e/ Cuba y San Ignacio, Piso 3 apartamento H7','(53) (7) 8622707','luismanuel890204@gmail.com',2,NULL,5,10,NULL,NULL,NULL,0,0,NULL,NULL,NULL,NULL),(436,1,29,1,'casa-diago','Casa Diago','<p><br></p>','Raúl Diago','Calle 64 numero 4316 esq 45 Playa La Habana','(53)(7)2030681','rauldia40@yahoo.es',3,NULL,5,NULL,NULL,NULL,NULL,1,0,NULL,NULL,NULL,NULL);
/*!40000 ALTER TABLE `homestay` ENABLE KEYS */;
UNLOCK TABLES;

--
-- Table structure for table `homestay_extracost`
--

DROP TABLE IF EXISTS `homestay_extracost`;
/*!40101 SET @saved_cs_client     = @@character_set_client */;
/*!40101 SET character_set_client = utf8 */;
CREATE TABLE `homestay_extracost` (
  `id` int(11) NOT NULL AUTO_INCREMENT,
  `name` varchar(255) COLLATE utf8_unicode_ci NOT NULL,
  PRIMARY KEY (`id`),
  UNIQUE KEY `UNIQ_5B2CEB055E237E06` (`name`)
) ENGINE=InnoDB AUTO_INCREMENT=7 DEFAULT CHARSET=utf8 COLLATE=utf8_unicode_ci;
/*!40101 SET character_set_client = @saved_cs_client */;

--
-- Dumping data for table `homestay_extracost`
--

LOCK TABLES `homestay_extracost` WRITE;
/*!40000 ALTER TABLE `homestay_extracost` DISABLE KEYS */;
INSERT INTO `homestay_extracost` VALUES (4,'Cenas'),(1,'Lavanderia'),(6,'Masaje'),(2,'Parqueo Propio'),(5,'Parqueo Público'),(3,'Traslados');
/*!40000 ALTER TABLE `homestay_extracost` ENABLE KEYS */;
UNLOCK TABLES;

--
-- Table structure for table `homestay_extracost_translations`
--

DROP TABLE IF EXISTS `homestay_extracost_translations`;
/*!40101 SET @saved_cs_client     = @@character_set_client */;
/*!40101 SET character_set_client = utf8 */;
CREATE TABLE `homestay_extracost_translations` (
  `id` int(11) NOT NULL AUTO_INCREMENT,
  `object_id` int(11) DEFAULT NULL,
  `locale` varchar(8) COLLATE utf8_unicode_ci NOT NULL,
  `field` varchar(32) COLLATE utf8_unicode_ci NOT NULL,
  `content` longtext COLLATE utf8_unicode_ci,
  PRIMARY KEY (`id`),
  UNIQUE KEY `lookup_unique_idx` (`locale`,`object_id`,`field`),
  KEY `IDX_75B6CC74232D562B` (`object_id`),
  CONSTRAINT `FK_75B6CC74232D562B` FOREIGN KEY (`object_id`) REFERENCES `homestay_extracost` (`id`) ON DELETE CASCADE
) ENGINE=InnoDB AUTO_INCREMENT=5 DEFAULT CHARSET=utf8 COLLATE=utf8_unicode_ci;
/*!40101 SET character_set_client = @saved_cs_client */;

--
-- Dumping data for table `homestay_extracost_translations`
--

LOCK TABLES `homestay_extracost_translations` WRITE;
/*!40000 ALTER TABLE `homestay_extracost_translations` DISABLE KEYS */;
INSERT INTO `homestay_extracost_translations` VALUES (1,1,'en','name','Breakfast'),(2,2,'en','name','Private Parking'),(3,5,'en','name','Public Parking'),(4,6,'en','name','Masage');
/*!40000 ALTER TABLE `homestay_extracost_translations` ENABLE KEYS */;
UNLOCK TABLES;

--
-- Table structure for table `homestay_freeservice_translations`
--

DROP TABLE IF EXISTS `homestay_freeservice_translations`;
/*!40101 SET @saved_cs_client     = @@character_set_client */;
/*!40101 SET character_set_client = utf8 */;
CREATE TABLE `homestay_freeservice_translations` (
  `id` int(11) NOT NULL AUTO_INCREMENT,
  `object_id` int(11) DEFAULT NULL,
  `locale` varchar(8) COLLATE utf8_unicode_ci NOT NULL,
  `field` varchar(32) COLLATE utf8_unicode_ci NOT NULL,
  `content` longtext COLLATE utf8_unicode_ci,
  PRIMARY KEY (`id`),
  UNIQUE KEY `lookup_unique_idx` (`locale`,`object_id`,`field`),
  KEY `IDX_50B88CE4232D562B` (`object_id`),
  CONSTRAINT `FK_50B88CE4232D562B` FOREIGN KEY (`object_id`) REFERENCES `homestay_freeservices` (`id`) ON DELETE CASCADE
) ENGINE=InnoDB AUTO_INCREMENT=11 DEFAULT CHARSET=utf8 COLLATE=utf8_unicode_ci;
/*!40101 SET character_set_client = @saved_cs_client */;

--
-- Dumping data for table `homestay_freeservice_translations`
--

LOCK TABLES `homestay_freeservice_translations` WRITE;
/*!40000 ALTER TABLE `homestay_freeservice_translations` DISABLE KEYS */;
INSERT INTO `homestay_freeservice_translations` VALUES (1,1,'en','name','Safety Box'),(2,2,'en','name','Breakfast'),(3,3,'en','name','Pick up at the Airport'),(4,4,'en','name','City Tour'),(5,5,'en','name','Air Conditioning'),(6,6,'en','name','Air Conditioning+Hot Watter+ Fridge'),(7,7,'en','name','Fridge'),(8,8,'en','name','Swingpool'),(9,9,'en','name','Elevator'),(10,10,'en','name','Parking');
/*!40000 ALTER TABLE `homestay_freeservice_translations` ENABLE KEYS */;
UNLOCK TABLES;

--
-- Table structure for table `homestay_freeservices`
--

DROP TABLE IF EXISTS `homestay_freeservices`;
/*!40101 SET @saved_cs_client     = @@character_set_client */;
/*!40101 SET character_set_client = utf8 */;
CREATE TABLE `homestay_freeservices` (
  `id` int(11) NOT NULL AUTO_INCREMENT,
  `name` varchar(255) COLLATE utf8_unicode_ci NOT NULL,
  PRIMARY KEY (`id`),
  UNIQUE KEY `UNIQ_F0A6CA7A5E237E06` (`name`)
) ENGINE=InnoDB AUTO_INCREMENT=11 DEFAULT CHARSET=utf8 COLLATE=utf8_unicode_ci;
/*!40101 SET character_set_client = @saved_cs_client */;

--
-- Dumping data for table `homestay_freeservices`
--

LOCK TABLES `homestay_freeservices` WRITE;
/*!40000 ALTER TABLE `homestay_freeservices` DISABLE KEYS */;
INSERT INTO `homestay_freeservices` VALUES (5,'Aire Acondicionado'),(6,'Aire Acondicionado +Agua Caliente + Refrigerador'),(1,'Caja Fuerte'),(2,'Desayuno'),(9,'Elevador'),(10,'Parqueo'),(8,'Piscina'),(3,'Recogida en Aeropuerto'),(4,'Recorrido de Ciudad'),(7,'Refrigerador');
/*!40000 ALTER TABLE `homestay_freeservices` ENABLE KEYS */;
UNLOCK TABLES;

--
-- Table structure for table `homestay_notoffered`
--

DROP TABLE IF EXISTS `homestay_notoffered`;
/*!40101 SET @saved_cs_client     = @@character_set_client */;
/*!40101 SET character_set_client = utf8 */;
CREATE TABLE `homestay_notoffered` (
  `id` int(11) NOT NULL AUTO_INCREMENT,
  `name` varchar(255) COLLATE utf8_unicode_ci NOT NULL,
  PRIMARY KEY (`id`),
  UNIQUE KEY `UNIQ_36E7AD625E237E06` (`name`)
) ENGINE=InnoDB AUTO_INCREMENT=3 DEFAULT CHARSET=utf8 COLLATE=utf8_unicode_ci;
/*!40101 SET character_set_client = @saved_cs_client */;

--
-- Dumping data for table `homestay_notoffered`
--

LOCK TABLES `homestay_notoffered` WRITE;
/*!40000 ALTER TABLE `homestay_notoffered` DISABLE KEYS */;
INSERT INTO `homestay_notoffered` VALUES (1,'Lavanderia'),(2,'Parqueo');
/*!40000 ALTER TABLE `homestay_notoffered` ENABLE KEYS */;
UNLOCK TABLES;

--
-- Table structure for table `homestay_notoffered_translation`
--

DROP TABLE IF EXISTS `homestay_notoffered_translation`;
/*!40101 SET @saved_cs_client     = @@character_set_client */;
/*!40101 SET character_set_client = utf8 */;
CREATE TABLE `homestay_notoffered_translation` (
  `id` int(11) NOT NULL AUTO_INCREMENT,
  `object_id` int(11) DEFAULT NULL,
  `locale` varchar(8) COLLATE utf8_unicode_ci NOT NULL,
  `field` varchar(32) COLLATE utf8_unicode_ci NOT NULL,
  `content` longtext COLLATE utf8_unicode_ci,
  PRIMARY KEY (`id`),
  UNIQUE KEY `lookup_unique_idx` (`locale`,`object_id`,`field`),
  KEY `IDX_9C415D19232D562B` (`object_id`),
  CONSTRAINT `FK_9C415D19232D562B` FOREIGN KEY (`object_id`) REFERENCES `homestay_notoffered` (`id`) ON DELETE CASCADE
) ENGINE=InnoDB AUTO_INCREMENT=3 DEFAULT CHARSET=utf8 COLLATE=utf8_unicode_ci;
/*!40101 SET character_set_client = @saved_cs_client */;

--
-- Dumping data for table `homestay_notoffered_translation`
--

LOCK TABLES `homestay_notoffered_translation` WRITE;
/*!40000 ALTER TABLE `homestay_notoffered_translation` DISABLE KEYS */;
INSERT INTO `homestay_notoffered_translation` VALUES (1,1,'en','name','Loundry service'),(2,2,'en','name','Parkuing');
/*!40000 ALTER TABLE `homestay_notoffered_translation` ENABLE KEYS */;
UNLOCK TABLES;

--
-- Table structure for table `homestay_translations`
--

DROP TABLE IF EXISTS `homestay_translations`;
/*!40101 SET @saved_cs_client     = @@character_set_client */;
/*!40101 SET character_set_client = utf8 */;
CREATE TABLE `homestay_translations` (
  `id` int(11) NOT NULL AUTO_INCREMENT,
  `object_id` int(11) DEFAULT NULL,
  `locale` varchar(8) COLLATE utf8_unicode_ci NOT NULL,
  `field` varchar(32) COLLATE utf8_unicode_ci NOT NULL,
  `content` longtext COLLATE utf8_unicode_ci,
  PRIMARY KEY (`id`),
  UNIQUE KEY `lookup_unique_idx` (`locale`,`object_id`,`field`),
  KEY `IDX_1BCFC197232D562B` (`object_id`),
  CONSTRAINT `FK_1BCFC197232D562B` FOREIGN KEY (`object_id`) REFERENCES `homestay` (`id`) ON DELETE CASCADE
) ENGINE=InnoDB DEFAULT CHARSET=utf8 COLLATE=utf8_unicode_ci;
/*!40101 SET character_set_client = @saved_cs_client */;

--
-- Dumping data for table `homestay_translations`
--

LOCK TABLES `homestay_translations` WRITE;
/*!40000 ALTER TABLE `homestay_translations` DISABLE KEYS */;
/*!40000 ALTER TABLE `homestay_translations` ENABLE KEYS */;
UNLOCK TABLES;

--
-- Table structure for table `homestays_extracosts`
--

DROP TABLE IF EXISTS `homestays_extracosts`;
/*!40101 SET @saved_cs_client     = @@character_set_client */;
/*!40101 SET character_set_client = utf8 */;
CREATE TABLE `homestays_extracosts` (
  `homestay_id` int(11) NOT NULL,
  `homestayextracost_id` int(11) NOT NULL,
  PRIMARY KEY (`homestay_id`,`homestayextracost_id`),
  KEY `IDX_6D525BC3F20D79E8` (`homestay_id`),
  KEY `IDX_6D525BC3197A31C5` (`homestayextracost_id`),
  CONSTRAINT `FK_6D525BC3197A31C5` FOREIGN KEY (`homestayextracost_id`) REFERENCES `homestay_extracost` (`id`) ON DELETE CASCADE,
  CONSTRAINT `FK_6D525BC3F20D79E8` FOREIGN KEY (`homestay_id`) REFERENCES `homestay` (`id`) ON DELETE CASCADE
) ENGINE=InnoDB DEFAULT CHARSET=utf8 COLLATE=utf8_unicode_ci;
/*!40101 SET character_set_client = @saved_cs_client */;

--
-- Dumping data for table `homestays_extracosts`
--

LOCK TABLES `homestays_extracosts` WRITE;
/*!40000 ALTER TABLE `homestays_extracosts` DISABLE KEYS */;
INSERT INTO `homestays_extracosts` VALUES (1,1),(1,5),(2,1),(2,2),(3,1),(3,4),(3,5),(4,1),(4,4),(5,1),(5,2),(6,1),(6,2),(6,4),(7,1),(7,4),(8,2),(8,4),(9,1),(9,2),(9,4),(10,1),(10,2),(10,4),(11,1),(11,2),(11,4),(12,1),(12,2),(12,4),(14,1),(14,2),(14,4),(15,1),(15,4),(16,1),(16,2),(16,4),(17,1),(17,4),(18,2),(19,1),(19,2),(19,4),(21,1),(21,2),(21,4),(22,1),(22,2),(22,4),(23,1),(23,2),(23,4),(24,1),(24,2),(24,4),(25,1),(25,2),(25,4),(26,1),(26,4),(28,1),(28,2),(28,4),(29,2),(30,2),(31,1),(31,2),(31,4),(32,1),(32,4),(32,5),(33,1),(33,4),(40,1),(40,2),(40,4),(41,1),(41,2),(42,1),(42,2),(42,4),(43,1),(43,2),(43,4),(44,1),(44,2),(44,4),(45,1),(45,2),(45,4),(47,1),(47,2),(47,4),(48,1),(48,2),(48,4),(49,1),(49,2),(49,4),(50,1),(50,2),(50,3),(50,4),(51,1),(51,2),(51,4),(52,1),(52,4),(52,5),(53,1),(53,2),(53,4),(54,1),(54,4),(55,1),(55,2),(55,4),(56,1),(56,2),(56,4),(57,1),(57,3),(57,4),(58,1),(58,4),(59,1),(59,4),(60,1),(60,2),(60,4),(61,1),(61,4),(62,1),(62,4),(63,1),(63,4),(64,1),(64,4),(65,1),(65,4),(66,1),(66,4),(66,5),(70,1),(70,2),(70,4),(71,1),(71,4),(71,5),(80,1),(80,4),(81,1),(81,2),(81,4),(82,1),(82,2),(82,4),(83,1),(83,2),(83,4),(84,1),(84,2),(84,4),(86,1),(86,4),(86,5),(87,1),(87,5),(88,1),(88,4),(89,1),(89,2),(89,4),(90,1),(90,2),(90,4),(91,1),(91,2),(91,4),(92,1),(92,2),(92,4),(106,1),(106,2),(106,4),(107,1),(107,2),(107,4),(108,1),(108,2),(108,4),(109,1),(109,2),(109,4),(110,1),(110,2),(110,4),(113,1),(113,4),(113,5),(114,1),(114,4),(114,5),(115,1),(115,4),(117,1),(117,4),(118,1),(118,4),(118,5),(119,1),(119,4),(120,1),(120,4),(120,5),(121,1),(121,4),(121,5),(122,1),(122,4),(123,1),(123,2),(123,4),(124,1),(124,4),(124,5),(125,4),(125,5),(126,1),(126,2),(127,1),(127,2),(127,4),(128,1),(128,5),(129,5),(130,1),(130,4),(130,5),(131,1),(131,5),(132,1),(132,5),(133,1),(133,2),(134,1),(134,4),(135,1),(135,2),(135,4),(136,1),(136,2),(136,3),(136,4),(137,1),(137,3),(137,4),(137,5),(138,1),(138,4),(138,5),(139,1),(139,4),(139,5),(143,1),(143,4),(143,5),(144,1),(144,2),(144,4),(145,1),(145,2),(145,4),(146,5),(147,1),(147,2),(148,1),(148,4),(148,5),(149,1),(149,4),(149,5),(150,1),(150,2),(151,1),(151,3),(152,1),(152,2),(153,1),(153,2),(153,3),(155,1),(155,4),(156,1),(156,4),(156,5),(157,1),(157,4),(157,5),(158,1),(158,5),(159,1),(160,1),(160,4),(161,1),(161,4),(162,1),(162,4),(170,1),(170,4),(170,5),(171,1),(171,4),(171,5),(172,1),(172,4),(172,5),(173,1),(173,4),(173,5),(174,1),(174,4),(174,5),(175,1),(175,4),(175,5),(176,1),(176,4),(176,5),(177,1),(177,4),(177,5),(178,1),(178,4),(178,5),(179,1),(179,2),(179,3),(179,4),(180,1),(180,4),(180,5),(181,1),(181,2),(181,3),(181,4),(182,1),(182,3),(182,4),(183,1),(183,4),(183,5),(184,1),(184,4),(184,5),(185,1),(185,4),(185,5),(186,1),(186,4),(186,5),(187,1),(187,4),(187,5),(188,1),(188,4),(188,5),(189,1),(189,4),(189,5),(190,1),(190,3),(190,4),(191,1),(191,4),(191,5),(192,1),(192,2),(192,3),(192,4),(193,1),(193,2),(193,3),(193,4),(193,6),(194,1),(194,4),(194,5),(195,1),(195,4),(195,5),(196,1),(196,4),(196,5),(197,1),(197,4),(197,5),(198,1),(198,4),(198,5),(199,1),(199,4),(199,5),(200,1),(200,4),(200,5),(204,1),(204,4),(204,5),(205,1),(205,3),(205,4),(205,5),(205,6),(206,1),(206,3),(206,4),(206,5),(207,1),(207,4),(207,5),(207,6),(210,1),(210,4),(210,5),(211,1),(211,4),(211,5),(212,1),(212,4),(212,5),(213,1),(213,4),(213,5),(213,6),(214,1),(214,3),(214,4),(214,5),(215,1),(215,3),(215,4),(215,5),(216,1),(216,4),(216,5),(217,1),(217,4),(217,5),(218,1),(218,4),(218,5),(220,1),(220,4),(220,5),(222,1),(222,4),(223,1),(223,4),(224,1),(224,2),(224,4),(225,1),(225,2),(225,4),(226,1),(226,4),(226,5),(227,1),(227,4),(229,1),(229,4),(229,5),(230,1),(230,2),(231,1),(231,4),(232,1),(232,3),(232,4),(233,1),(233,4),(233,5),(234,1),(234,4),(234,5),(235,1),(235,4),(235,5),(236,1),(236,2),(236,3),(236,4),(238,1),(238,4),(239,1),(239,4),(240,1),(240,4),(240,5),(241,1),(241,4),(241,5),(242,1),(242,4),(242,5),(243,1),(243,4),(243,5),(244,1),(244,4),(244,5),(246,1),(246,3),(246,4),(247,1),(247,4),(248,1),(248,4),(249,1),(249,4),(249,5),(250,1),(250,4),(250,5),(252,1),(252,4),(252,5),(253,1),(253,4),(253,5),(254,1),(254,3),(254,4),(254,5),(255,1),(255,4),(255,5),(264,1),(264,4),(264,5),(265,1),(265,4),(266,1),(266,3),(266,4),(266,5),(266,6),(267,1),(267,4),(267,5),(268,1),(268,4),(268,5),(269,1),(269,4),(269,5),(270,1),(270,4),(270,5),(271,1),(271,4),(271,5),(272,1),(272,4),(272,5),(273,1),(273,4),(273,5),(274,1),(274,4),(274,5),(275,1),(275,4),(276,1),(276,4),(280,1),(280,4),(280,5),(281,1),(281,4),(281,5),(282,1),(282,4),(282,5),(283,1),(283,4),(284,1),(284,4),(285,1),(285,2),(285,4),(291,1),(291,4),(291,5),(292,1),(292,4),(293,1),(293,3),(293,4),(294,1),(294,4),(294,5),(295,1),(295,4),(295,5),(296,1),(296,4),(296,5),(297,1),(297,4),(297,5),(298,1),(298,4),(298,5),(299,1),(299,4),(299,5),(300,1),(300,4),(300,5),(301,1),(301,4),(301,5),(302,1),(302,4),(302,5),(304,1),(304,4),(304,5),(305,1),(305,4),(305,5),(306,1),(306,4),(306,5),(307,1),(307,4),(307,5),(308,1),(308,4),(308,5),(309,1),(309,4),(309,5),(310,1),(310,4),(310,5),(311,1),(311,4),(311,5),(313,1),(313,4),(313,5),(314,1),(314,4),(314,5),(315,1),(315,4),(315,5),(316,1),(316,4),(316,5),(317,1),(317,4),(317,5),(318,1),(318,4),(318,5),(319,1),(319,4),(319,5),(320,1),(320,4),(320,5),(322,1),(322,4),(322,5),(323,1),(323,4),(323,5),(324,1),(324,4),(324,5),(325,1),(325,4),(325,5),(326,1),(326,2),(326,4),(327,1),(327,4),(327,5),(328,1),(328,4),(328,5),(329,1),(329,4),(329,5),(330,1),(330,4),(330,5),(331,1),(331,4),(331,5),(332,1),(332,4),(332,5),(333,1),(333,4),(333,5),(334,1),(334,4),(334,5),(335,1),(335,4),(335,5),(336,1),(336,4),(337,1),(337,4),(337,5),(338,1),(338,4),(338,5),(339,1),(339,4),(339,5),(340,1),(340,4),(340,5),(341,1),(341,4),(341,5),(342,1),(342,4),(342,5),(343,1),(343,3),(343,4),(343,6),(344,1),(344,4),(344,5),(346,1),(346,4),(346,5),(347,1),(347,4),(347,5),(348,1),(348,4),(348,5),(349,1),(349,4),(349,5),(350,1),(350,4),(350,5),(351,1),(351,4),(351,5),(352,1),(352,4),(352,5),(353,1),(353,4),(353,5),(354,1),(354,4),(354,5),(355,1),(355,4),(356,1),(356,4),(356,5),(357,1),(357,2),(357,4),(358,1),(358,4),(358,5),(359,1),(359,3),(359,4),(359,5),(360,1),(360,4),(360,5),(361,1),(361,2),(361,4),(362,1),(362,4),(362,5),(363,1),(363,4),(363,5),(364,1),(364,4),(364,5),(365,1),(365,4),(365,5),(366,1),(366,4),(366,5),(367,1),(367,4),(367,5),(368,1),(368,2),(368,4),(369,1),(369,4),(369,5),(370,1),(370,2),(370,4),(371,1),(371,2),(371,4),(372,1),(372,2),(372,4),(373,1),(373,4),(373,5),(374,1),(374,4),(374,5),(375,1),(375,4),(376,1),(376,4),(376,5),(377,1),(377,4),(377,5),(378,1),(378,4),(379,1),(379,4),(379,5),(380,1),(380,2),(380,4),(381,1),(381,4),(381,5),(382,1),(382,4),(382,5),(383,1),(383,4),(383,5),(384,1),(384,4),(385,1),(385,4),(386,1),(386,4),(387,4),(387,6),(388,1),(388,4),(389,1),(389,4),(389,5),(391,1),(391,4),(392,1),(392,4),(393,1),(393,4),(393,5),(394,1),(394,4),(395,1),(395,4),(396,1),(396,4),(397,1),(397,4),(398,1),(398,4),(398,5),(399,1),(399,4),(399,5),(400,1),(400,4),(400,5),(401,1),(401,4),(401,5),(402,1),(402,4),(402,5),(403,1),(403,4),(403,5),(404,1),(404,4),(404,5),(405,1),(405,4),(405,5),(406,1),(406,4),(406,5),(407,1),(407,4),(407,5),(408,1),(408,4),(408,5),(409,1),(409,3),(409,4),(411,1),(411,4),(411,5),(412,1),(412,2),(412,4),(413,1),(413,4),(413,5),(414,1),(414,4),(414,5),(415,1),(415,4),(415,5),(416,1),(416,4),(416,5),(417,1),(417,4),(417,5),(418,1),(418,4),(418,5),(419,1),(419,4),(419,5),(420,1),(420,4),(420,5),(421,1),(421,4),(421,5),(422,1),(422,4),(422,5),(423,1),(423,4),(424,1),(424,3),(424,4),(425,1),(425,4),(425,6),(426,1),(426,4),(426,5),(427,1),(427,4),(428,1),(428,3),(428,4),(429,1),(429,3),(429,4),(430,1),(430,2),(430,4),(431,1),(431,2),(431,3),(431,4),(432,1),(432,3),(432,4),(432,5),(433,1),(433,2),(433,4),(434,1),(434,4),(434,5),(435,1),(435,4),(435,5),(436,1),(436,3),(436,4);
/*!40000 ALTER TABLE `homestays_extracosts` ENABLE KEYS */;
UNLOCK TABLES;

--
-- Table structure for table `homestays_freeservices`
--

DROP TABLE IF EXISTS `homestays_freeservices`;
/*!40101 SET @saved_cs_client     = @@character_set_client */;
/*!40101 SET character_set_client = utf8 */;
CREATE TABLE `homestays_freeservices` (
  `homestay_id` int(11) NOT NULL,
  `homestayfreeservice_id` int(11) NOT NULL,
  PRIMARY KEY (`homestay_id`,`homestayfreeservice_id`),
  KEY `IDX_8D7E3249F20D79E8` (`homestay_id`),
  KEY `IDX_8D7E32495292BC34` (`homestayfreeservice_id`),
  CONSTRAINT `FK_8D7E32495292BC34` FOREIGN KEY (`homestayfreeservice_id`) REFERENCES `homestay_freeservices` (`id`) ON DELETE CASCADE,
  CONSTRAINT `FK_8D7E3249F20D79E8` FOREIGN KEY (`homestay_id`) REFERENCES `homestay` (`id`) ON DELETE CASCADE
) ENGINE=InnoDB DEFAULT CHARSET=utf8 COLLATE=utf8_unicode_ci;
/*!40101 SET character_set_client = @saved_cs_client */;

--
-- Dumping data for table `homestays_freeservices`
--

LOCK TABLES `homestays_freeservices` WRITE;
/*!40000 ALTER TABLE `homestays_freeservices` DISABLE KEYS */;
INSERT INTO `homestays_freeservices` VALUES (1,6),(2,1),(2,6),(3,6),(4,5),(4,6),(4,7),(5,5),(5,6),(6,3),(6,5),(6,6),(6,7),(7,5),(7,6),(7,7),(8,5),(8,6),(8,7),(9,5),(9,6),(9,7),(10,5),(10,6),(10,7),(11,5),(11,6),(11,7),(12,5),(12,6),(12,7),(14,5),(14,6),(14,7),(15,5),(15,6),(15,7),(16,5),(16,6),(16,7),(17,5),(17,6),(17,7),(18,5),(18,6),(19,5),(19,6),(19,7),(21,6),(22,6),(23,6),(24,6),(25,6),(26,6),(28,5),(28,6),(28,7),(29,5),(29,6),(29,7),(30,5),(30,6),(30,7),(31,5),(31,6),(31,7),(32,5),(32,6),(33,5),(33,6),(33,7),(34,5),(34,6),(34,7),(40,6),(41,5),(41,6),(42,5),(42,6),(42,7),(43,5),(43,6),(43,7),(44,5),(44,6),(44,7),(44,8),(45,5),(45,6),(45,8),(47,5),(47,6),(47,7),(48,5),(48,6),(48,7),(49,5),(49,6),(49,8),(50,5),(50,6),(50,7),(51,5),(51,6),(51,7),(52,6),(53,6),(53,8),(54,5),(54,6),(54,7),(54,8),(55,5),(55,6),(55,7),(56,5),(56,6),(56,7),(57,5),(57,6),(57,7),(58,5),(58,6),(58,7),(59,5),(59,6),(59,7),(60,5),(60,6),(60,7),(61,5),(61,6),(61,7),(62,5),(62,6),(62,7),(63,5),(63,6),(63,7),(64,5),(64,6),(64,7),(65,5),(65,6),(65,7),(66,5),(66,6),(66,7),(70,5),(70,6),(70,7),(71,5),(71,6),(71,7),(72,5),(72,6),(72,7),(80,5),(80,6),(80,7),(81,5),(81,6),(81,7),(82,6),(83,5),(83,6),(83,7),(84,5),(84,6),(86,5),(86,6),(87,6),(88,5),(88,6),(88,7),(89,5),(89,6),(89,7),(90,5),(90,6),(90,7),(91,6),(92,6),(106,6),(107,6),(108,6),(109,6),(110,6),(111,6),(113,1),(113,6),(114,6),(115,6),(116,6),(117,6),(118,6),(119,6),(120,6),(121,6),(122,6),(123,6),(124,6),(125,6),(126,6),(127,6),(128,6),(129,6),(130,6),(131,6),(132,6),(133,6),(134,2),(135,6),(136,6),(137,6),(138,6),(139,6),(143,6),(144,6),(145,6),(146,6),(146,7),(147,6),(148,6),(149,6),(150,6),(151,6),(151,10),(152,6),(153,6),(155,6),(155,10),(156,6),(157,6),(158,6),(159,1),(159,6),(159,8),(159,10),(160,6),(160,10),(161,6),(161,10),(162,6),(162,10),(170,6),(171,6),(172,6),(173,6),(174,2),(174,6),(175,6),(176,6),(177,6),(178,6),(179,6),(179,8),(180,6),(181,6),(182,6),(182,10),(183,6),(184,6),(185,6),(186,1),(186,6),(187,6),(188,6),(189,6),(190,6),(190,10),(191,6),(192,6),(193,6),(194,6),(195,6),(196,6),(197,6),(198,6),(199,6),(200,6),(204,6),(205,6),(206,6),(207,6),(210,6),(211,6),(212,6),(213,6),(214,6),(215,6),(216,6),(217,6),(218,6),(220,6),(222,6),(222,10),(223,6),(223,10),(224,6),(225,6),(226,6),(227,6),(227,10),(229,6),(230,6),(231,1),(231,6),(231,10),(232,2),(232,6),(232,10),(233,6),(234,6),(235,6),(236,6),(238,6),(238,10),(239,6),(239,8),(239,10),(240,6),(241,6),(242,6),(243,6),(244,6),(246,6),(246,8),(246,10),(247,1),(247,6),(247,10),(248,6),(248,10),(249,6),(250,6),(252,6),(253,6),(254,6),(255,6),(264,6),(265,6),(265,10),(266,6),(267,6),(268,6),(269,6),(270,6),(271,6),(272,1),(272,6),(273,6),(274,6),(275,6),(275,10),(276,6),(276,8),(276,10),(280,6),(281,6),(282,6),(283,6),(283,10),(284,6),(284,10),(285,6),(291,6),(292,1),(292,6),(292,10),(293,6),(293,10),(294,6),(295,6),(296,6),(297,6),(298,6),(299,6),(300,6),(301,6),(302,6),(304,6),(305,6),(306,6),(307,6),(308,6),(309,6),(310,6),(311,6),(313,6),(314,6),(314,8),(315,6),(316,1),(316,6),(317,6),(318,1),(318,6),(319,6),(320,6),(322,6),(323,6),(324,6),(325,6),(326,6),(327,6),(328,6),(328,8),(329,6),(330,6),(331,6),(332,6),(333,6),(334,6),(335,6),(336,6),(336,10),(337,6),(338,1),(338,6),(338,8),(339,6),(340,6),(341,6),(342,6),(343,6),(343,10),(344,6),(346,6),(347,1),(347,6),(348,6),(349,6),(350,6),(351,6),(352,6),(353,6),(354,6),(355,6),(355,10),(356,6),(357,6),(358,6),(359,6),(360,6),(361,6),(362,6),(363,6),(364,6),(365,1),(365,6),(366,6),(367,6),(368,6),(369,6),(370,6),(371,6),(372,6),(373,6),(374,6),(375,6),(375,10),(376,6),(377,6),(378,6),(378,10),(379,6),(380,6),(381,6),(382,6),(383,6),(384,6),(384,10),(385,6),(385,10),(386,6),(386,10),(387,6),(387,10),(388,6),(388,10),(389,6),(391,6),(391,10),(392,6),(392,10),(393,6),(394,6),(394,10),(395,1),(395,6),(395,10),(396,6),(396,10),(397,6),(397,10),(398,6),(399,6),(400,6),(401,6),(402,6),(403,6),(404,6),(405,6),(406,6),(407,6),(408,6),(409,6),(409,10),(411,6),(412,6),(413,6),(414,6),(415,6),(416,6),(417,6),(418,6),(419,6),(420,6),(421,6),(422,6),(423,6),(423,10),(424,6),(424,10),(425,6),(425,10),(426,6),(427,6),(428,6),(428,8),(428,10),(429,6),(429,10),(430,6),(431,1),(431,6),(432,6),(433,6),(434,6),(435,6),(436,1),(436,6),(436,10);
/*!40000 ALTER TABLE `homestays_freeservices` ENABLE KEYS */;
UNLOCK TABLES;

--
-- Table structure for table `homestays_notoffereds`
--

DROP TABLE IF EXISTS `homestays_notoffereds`;
/*!40101 SET @saved_cs_client     = @@character_set_client */;
/*!40101 SET character_set_client = utf8 */;
CREATE TABLE `homestays_notoffereds` (
  `homestay_id` int(11) NOT NULL,
  `homestaynotoffered_id` int(11) NOT NULL,
  PRIMARY KEY (`homestay_id`,`homestaynotoffered_id`),
  KEY `IDX_67E2AA5DF20D79E8` (`homestay_id`),
  KEY `IDX_67E2AA5D929C7EF1` (`homestaynotoffered_id`),
  CONSTRAINT `FK_67E2AA5D929C7EF1` FOREIGN KEY (`homestaynotoffered_id`) REFERENCES `homestay_notoffered` (`id`) ON DELETE CASCADE,
  CONSTRAINT `FK_67E2AA5DF20D79E8` FOREIGN KEY (`homestay_id`) REFERENCES `homestay` (`id`) ON DELETE CASCADE
) ENGINE=InnoDB DEFAULT CHARSET=utf8 COLLATE=utf8_unicode_ci;
/*!40101 SET character_set_client = @saved_cs_client */;

--
-- Dumping data for table `homestays_notoffereds`
--

LOCK TABLES `homestays_notoffereds` WRITE;
/*!40000 ALTER TABLE `homestays_notoffereds` DISABLE KEYS */;
INSERT INTO `homestays_notoffereds` VALUES (1,2),(2,2),(3,2),(26,2),(32,2),(33,2),(52,2),(66,2),(71,2),(87,2),(88,2),(113,2),(114,2),(118,2),(120,2),(121,2),(124,2),(125,2),(128,2),(129,1),(129,2),(130,2),(131,2),(132,2),(134,2),(137,2),(138,2),(139,2),(143,2),(146,1),(146,2),(148,2),(149,2),(156,2),(157,2),(158,2),(170,2),(171,2),(172,2),(173,2),(174,2),(177,2),(178,2),(180,2),(183,2),(184,2),(185,2),(186,2),(187,2),(188,2),(189,2),(191,2),(194,2),(195,2),(196,2),(197,2),(198,2),(199,2),(200,2),(204,2),(205,2),(206,2),(207,2),(210,2),(211,2),(212,2),(213,2),(214,2),(215,2),(216,2),(217,2),(218,2),(220,2),(226,2),(229,2),(231,2),(233,2),(234,2),(235,2),(240,2),(241,2),(242,2),(243,2),(244,2),(249,2),(250,2),(252,2),(253,2),(254,2),(255,2),(264,2),(266,2),(267,2),(268,2),(269,2),(270,2),(271,2),(272,2),(273,2),(274,2),(280,2),(281,2),(282,2),(291,2),(294,2),(295,2),(296,2),(297,2),(298,2),(299,2),(300,2),(301,2),(302,2),(304,2),(305,2),(306,2),(307,2),(308,2),(309,2),(310,2),(311,2),(313,2),(314,2),(315,2),(316,2),(317,2),(318,2),(319,2),(320,2),(322,2),(323,2),(324,2),(325,2),(327,2),(328,2),(329,2),(330,2),(331,2),(332,2),(333,2),(334,2),(335,2),(337,2),(338,2),(339,2),(340,2),(341,2),(342,2),(344,2),(346,2),(347,2),(348,2),(349,2),(350,2),(351,2),(352,2),(353,2),(354,2),(356,2),(358,2),(359,2),(360,2),(362,2),(363,2),(364,2),(365,2),(366,2),(367,2),(369,2),(373,2),(374,2),(376,2),(377,2),(379,2),(381,2),(382,2),(383,2),(389,2),(393,2),(398,2),(399,2),(400,2),(401,2),(402,2),(403,2),(404,2),(405,2),(406,2),(407,2),(408,2),(411,2),(413,2),(414,2),(415,2),(416,2),(417,2),(418,2),(419,2),(420,2),(421,2),(422,2),(426,2),(432,2),(434,2),(435,2);
/*!40000 ALTER TABLE `homestays_notoffereds` ENABLE KEYS */;
UNLOCK TABLES;

--
-- Table structure for table `mailing`
--

DROP TABLE IF EXISTS `mailing`;
/*!40101 SET @saved_cs_client     = @@character_set_client */;
/*!40101 SET character_set_client = utf8 */;
CREATE TABLE `mailing` (
  `id` int(11) NOT NULL AUTO_INCREMENT,
  `title` varchar(255) COLLATE utf8_unicode_ci NOT NULL,
  `body` longtext COLLATE utf8_unicode_ci NOT NULL,
  `sended` tinyint(1) NOT NULL,
  PRIMARY KEY (`id`)
) ENGINE=InnoDB DEFAULT CHARSET=utf8 COLLATE=utf8_unicode_ci;
/*!40101 SET character_set_client = @saved_cs_client */;

--
-- Dumping data for table `mailing`
--

LOCK TABLES `mailing` WRITE;
/*!40000 ALTER TABLE `mailing` DISABLE KEYS */;
/*!40000 ALTER TABLE `mailing` ENABLE KEYS */;
UNLOCK TABLES;

--
-- Table structure for table `mailing_contact`
--

DROP TABLE IF EXISTS `mailing_contact`;
/*!40101 SET @saved_cs_client     = @@character_set_client */;
/*!40101 SET character_set_client = utf8 */;
CREATE TABLE `mailing_contact` (
  `mailing_id` int(11) NOT NULL,
  `contact_id` int(11) NOT NULL,
  PRIMARY KEY (`mailing_id`,`contact_id`),
  KEY `IDX_5DB203573931AB76` (`mailing_id`),
  KEY `IDX_5DB20357E7A1254A` (`contact_id`),
  CONSTRAINT `FK_5DB203573931AB76` FOREIGN KEY (`mailing_id`) REFERENCES `mailing` (`id`) ON DELETE CASCADE,
  CONSTRAINT `FK_5DB20357E7A1254A` FOREIGN KEY (`contact_id`) REFERENCES `contact` (`id`) ON DELETE CASCADE
) ENGINE=InnoDB DEFAULT CHARSET=utf8 COLLATE=utf8_unicode_ci;
/*!40101 SET character_set_client = @saved_cs_client */;

--
-- Dumping data for table `mailing_contact`
--

LOCK TABLES `mailing_contact` WRITE;
/*!40000 ALTER TABLE `mailing_contact` DISABLE KEYS */;
/*!40000 ALTER TABLE `mailing_contact` ENABLE KEYS */;
UNLOCK TABLES;

--
-- Table structure for table `municipality`
--

DROP TABLE IF EXISTS `municipality`;
/*!40101 SET @saved_cs_client     = @@character_set_client */;
/*!40101 SET character_set_client = utf8 */;
CREATE TABLE `municipality` (
  `id` int(11) NOT NULL AUTO_INCREMENT,
  `province_id` int(11) DEFAULT NULL,
  `name` varchar(255) COLLATE utf8_unicode_ci NOT NULL,
  PRIMARY KEY (`id`),
  UNIQUE KEY `UNIQ_C6F566285E237E06` (`name`),
  KEY `IDX_C6F56628E946114A` (`province_id`),
  CONSTRAINT `FK_C6F56628E946114A` FOREIGN KEY (`province_id`) REFERENCES `province` (`id`)
) ENGINE=InnoDB AUTO_INCREMENT=45 DEFAULT CHARSET=utf8 COLLATE=utf8_unicode_ci;
/*!40101 SET character_set_client = @saved_cs_client */;

--
-- Dumping data for table `municipality`
--

LOCK TABLES `municipality` WRITE;
/*!40000 ALTER TABLE `municipality` DISABLE KEYS */;
INSERT INTO `municipality` VALUES (1,1,'La Habana'),(2,2,'Pinar del Río'),(3,3,'Villa Clara'),(5,5,'Matanzas'),(6,6,'Cienfuegos'),(7,31,'Trinidad'),(8,8,'Santiago de Cuba'),(9,22,'Santa Lucía'),(10,10,'Las Tunas'),(11,11,'Holguín'),(12,12,'Granma'),(14,5,'Varadero'),(15,20,'Cayo Largo'),(16,34,'Cayo Coco'),(17,17,'Cayo Guillermo'),(18,18,'Cayo Santa Maria'),(19,1,'La Habana Vieja'),(20,20,'Isla de la Juventud'),(21,44,'Baracoa'),(22,22,'Camaguey'),(23,2,'Cayo Levisa'),(24,5,'Peninsula de Zapata'),(25,1,'Vedado'),(26,2,'Viñales'),(27,2,'Las Terrazas - Moka'),(28,2,'Soroa'),(29,1,'Miramar'),(30,1,'Playas del Este'),(31,31,'Santi Spiritus'),(32,22,'Camaguey Ciudad'),(33,22,'Florida'),(34,34,'Ciego de Ávila'),(35,34,'Morón'),(36,6,'Playa Rancho Luna'),(37,6,'Guajimico'),(38,1,'Playas del Este- Guanabo'),(39,1,'Nuevo Vedado'),(40,1,'Centro Habana'),(41,1,'Cojimar'),(42,1,'Jibacoa'),(43,8,'Bayamo'),(44,44,'Guantánamo');
/*!40000 ALTER TABLE `municipality` ENABLE KEYS */;
UNLOCK TABLES;

--
-- Table structure for table `municipality_translations`
--

DROP TABLE IF EXISTS `municipality_translations`;
/*!40101 SET @saved_cs_client     = @@character_set_client */;
/*!40101 SET character_set_client = utf8 */;
CREATE TABLE `municipality_translations` (
  `id` int(11) NOT NULL AUTO_INCREMENT,
  `object_id` int(11) DEFAULT NULL,
  `locale` varchar(8) COLLATE utf8_unicode_ci NOT NULL,
  `field` varchar(32) COLLATE utf8_unicode_ci NOT NULL,
  `content` longtext COLLATE utf8_unicode_ci,
  PRIMARY KEY (`id`),
  UNIQUE KEY `lookup_unique_idx` (`locale`,`object_id`,`field`),
  KEY `IDX_3FCB5C96232D562B` (`object_id`),
  CONSTRAINT `FK_3FCB5C96232D562B` FOREIGN KEY (`object_id`) REFERENCES `municipality` (`id`) ON DELETE CASCADE
) ENGINE=InnoDB DEFAULT CHARSET=utf8 COLLATE=utf8_unicode_ci;
/*!40101 SET character_set_client = @saved_cs_client */;

--
-- Dumping data for table `municipality_translations`
--

LOCK TABLES `municipality_translations` WRITE;
/*!40000 ALTER TABLE `municipality_translations` DISABLE KEYS */;
/*!40000 ALTER TABLE `municipality_translations` ENABLE KEYS */;
UNLOCK TABLES;

--
-- Table structure for table `promo`
--

DROP TABLE IF EXISTS `promo`;
/*!40101 SET @saved_cs_client     = @@character_set_client */;
/*!40101 SET character_set_client = utf8 */;
CREATE TABLE `promo` (
  `id` int(11) NOT NULL AUTO_INCREMENT,
  `advertiser_id` int(11) DEFAULT NULL,
  `homestay_id` int(11) DEFAULT NULL,
  `name` varchar(255) COLLATE utf8_unicode_ci NOT NULL,
  `description` varchar(255) COLLATE utf8_unicode_ci DEFAULT NULL,
  `showcount` int(11) NOT NULL,
  `showoffset` int(11) NOT NULL,
  `url` varchar(255) COLLATE utf8_unicode_ci DEFAULT NULL,
  `from_date` datetime NOT NULL,
  `to_date` datetime NOT NULL,
  `path` varchar(255) COLLATE utf8_unicode_ci DEFAULT NULL,
  `promo_type` varchar(255) COLLATE utf8_unicode_ci NOT NULL,
  `discount` double DEFAULT NULL,
  `price` double DEFAULT NULL,
  `isnew` tinyint(1) DEFAULT NULL,
  PRIMARY KEY (`id`),
  KEY `IDX_B0139AFBBA2FCBC2` (`advertiser_id`),
  KEY `IDX_B0139AFBF20D79E8` (`homestay_id`),
  CONSTRAINT `FK_B0139AFBBA2FCBC2` FOREIGN KEY (`advertiser_id`) REFERENCES `advertiser` (`id`),
  CONSTRAINT `FK_B0139AFBF20D79E8` FOREIGN KEY (`homestay_id`) REFERENCES `homestay` (`id`)
) ENGINE=InnoDB DEFAULT CHARSET=utf8 COLLATE=utf8_unicode_ci;
/*!40101 SET character_set_client = @saved_cs_client */;

--
-- Dumping data for table `promo`
--

LOCK TABLES `promo` WRITE;
/*!40000 ALTER TABLE `promo` DISABLE KEYS */;
/*!40000 ALTER TABLE `promo` ENABLE KEYS */;
UNLOCK TABLES;

--
-- Table structure for table `promo_translations`
--

DROP TABLE IF EXISTS `promo_translations`;
/*!40101 SET @saved_cs_client     = @@character_set_client */;
/*!40101 SET character_set_client = utf8 */;
CREATE TABLE `promo_translations` (
  `id` int(11) NOT NULL AUTO_INCREMENT,
  `object_id` int(11) DEFAULT NULL,
  `locale` varchar(8) COLLATE utf8_unicode_ci NOT NULL,
  `field` varchar(32) COLLATE utf8_unicode_ci NOT NULL,
  `content` longtext COLLATE utf8_unicode_ci,
  PRIMARY KEY (`id`),
  UNIQUE KEY `lookup_unique_idx` (`locale`,`object_id`,`field`),
  KEY `IDX_5EB11D90232D562B` (`object_id`),
  CONSTRAINT `FK_5EB11D90232D562B` FOREIGN KEY (`object_id`) REFERENCES `promo` (`id`) ON DELETE CASCADE
) ENGINE=InnoDB DEFAULT CHARSET=utf8 COLLATE=utf8_unicode_ci;
/*!40101 SET character_set_client = @saved_cs_client */;

--
-- Dumping data for table `promo_translations`
--

LOCK TABLES `promo_translations` WRITE;
/*!40000 ALTER TABLE `promo_translations` DISABLE KEYS */;
/*!40000 ALTER TABLE `promo_translations` ENABLE KEYS */;
UNLOCK TABLES;

--
-- Table structure for table `province`
--

DROP TABLE IF EXISTS `province`;
/*!40101 SET @saved_cs_client     = @@character_set_client */;
/*!40101 SET character_set_client = utf8 */;
CREATE TABLE `province` (
  `id` int(11) NOT NULL AUTO_INCREMENT,
  `name` varchar(255) COLLATE utf8_unicode_ci NOT NULL,
  `norder` int(11) DEFAULT NULL,
  PRIMARY KEY (`id`),
  UNIQUE KEY `UNIQ_4ADAD40B5E237E06` (`name`)
) ENGINE=InnoDB AUTO_INCREMENT=45 DEFAULT CHARSET=utf8 COLLATE=utf8_unicode_ci;
/*!40101 SET character_set_client = @saved_cs_client */;

--
-- Dumping data for table `province`
--

LOCK TABLES `province` WRITE;
/*!40000 ALTER TABLE `province` DISABLE KEYS */;
INSERT INTO `province` VALUES (1,'La Habana',NULL),(2,'Pinar del Río',NULL),(3,'Villa Clara',NULL),(5,'Matanzas',NULL),(6,'Cienfuegos',NULL),(8,'Santiago de Cuba',NULL),(10,'Las Tunas',NULL),(11,'Holguín',NULL),(12,'Granma',NULL),(17,'Cayo Guillermo',NULL),(18,'Cayo Santa Maria',NULL),(20,'Isla de la Juventud',NULL),(22,'Camaguey',NULL),(31,'Santi Spiritus',NULL),(34,'Ciego de Ávila',NULL),(44,'Guantánamo',NULL);
/*!40000 ALTER TABLE `province` ENABLE KEYS */;
UNLOCK TABLES;

--
-- Table structure for table `province_translations`
--

DROP TABLE IF EXISTS `province_translations`;
/*!40101 SET @saved_cs_client     = @@character_set_client */;
/*!40101 SET character_set_client = utf8 */;
CREATE TABLE `province_translations` (
  `id` int(11) NOT NULL AUTO_INCREMENT,
  `object_id` int(11) DEFAULT NULL,
  `locale` varchar(8) COLLATE utf8_unicode_ci NOT NULL,
  `field` varchar(32) COLLATE utf8_unicode_ci NOT NULL,
  `content` longtext COLLATE utf8_unicode_ci,
  PRIMARY KEY (`id`),
  UNIQUE KEY `lookup_unique_idx` (`locale`,`object_id`,`field`),
  KEY `IDX_40F72E48232D562B` (`object_id`),
  CONSTRAINT `FK_40F72E48232D562B` FOREIGN KEY (`object_id`) REFERENCES `province` (`id`) ON DELETE CASCADE
) ENGINE=InnoDB DEFAULT CHARSET=utf8 COLLATE=utf8_unicode_ci;
/*!40101 SET character_set_client = @saved_cs_client */;

--
-- Dumping data for table `province_translations`
--

LOCK TABLES `province_translations` WRITE;
/*!40000 ALTER TABLE `province_translations` DISABLE KEYS */;
/*!40000 ALTER TABLE `province_translations` ENABLE KEYS */;
UNLOCK TABLES;

--
-- Table structure for table `settings`
--

DROP TABLE IF EXISTS `settings`;
/*!40101 SET @saved_cs_client     = @@character_set_client */;
/*!40101 SET character_set_client = utf8 */;
CREATE TABLE `settings` (
  `id` int(11) NOT NULL AUTO_INCREMENT,
  `name` varchar(255) COLLATE utf8_unicode_ci DEFAULT NULL,
  `title` longtext COLLATE utf8_unicode_ci,
  `facebook` varchar(255) COLLATE utf8_unicode_ci DEFAULT NULL,
  `twitter` varchar(255) COLLATE utf8_unicode_ci DEFAULT NULL,
  `tripadvisor` varchar(255) COLLATE utf8_unicode_ci DEFAULT NULL,
  `googleplus` varchar(255) COLLATE utf8_unicode_ci DEFAULT NULL,
  `email` varchar(255) COLLATE utf8_unicode_ci DEFAULT NULL,
  `address` varchar(255) COLLATE utf8_unicode_ci DEFAULT NULL,
  `phones` varchar(255) COLLATE utf8_unicode_ci DEFAULT NULL,
  `contactdescription` longtext COLLATE utf8_unicode_ci,
  `aboutus` longtext COLLATE utf8_unicode_ci,
  `domain` varchar(255) COLLATE utf8_unicode_ci DEFAULT NULL,
  `offline` tinyint(1) DEFAULT NULL,
  `message` longtext COLLATE utf8_unicode_ci,
  `exchangecuc` double DEFAULT NULL,
  `meta_title` varchar(255) COLLATE utf8_unicode_ci DEFAULT NULL,
  `meta_description` varchar(255) COLLATE utf8_unicode_ci DEFAULT NULL,
  `meta_keywords` varchar(255) COLLATE utf8_unicode_ci DEFAULT NULL,
  PRIMARY KEY (`id`)
) ENGINE=InnoDB AUTO_INCREMENT=2 DEFAULT CHARSET=utf8 COLLATE=utf8_unicode_ci;
/*!40101 SET character_set_client = @saved_cs_client */;

--
-- Dumping data for table `settings`
--

LOCK TABLES `settings` WRITE;
/*!40000 ALTER TABLE `settings` DISABLE KEYS */;
INSERT INTO `settings` VALUES (1,'Rent.cu',NULL,'https://www.facebook.com/rentcu',NULL,NULL,NULL,'info@rent.cu',NULL,'+53 52894936','Puede contactar con nosotros a través de diferentes opciones, o puede utilizar nuestro formulario de reservas de los comentarios o servicios especiales. Estamos contentos y con mucho gusto cumplimos su solicitud en cualquier momento y en cualquier tema. Gracias de ante mano.','<p class=\"MsoNormal\" style=\"background-image: initial; background-attachment: initial; background-size: initial; background-origin: initial; background-clip: initial; background-position: initial; background-repeat: initial;\"><span style=\"color: windowtext;\">Rent.cu & Havanacity  es un equipo de trabajo  con representantes en los principales polos de\r\nCuba con el objetivo de que  nuestros\r\nclientes y visitantes encuentre la información que necesita para su viaje a\r\ncuba. <o:p></o:p></span></p><p class=\"MsoNormal\">\r\n\r\n</p><p class=\"MsoNormal\" style=\"background-image: initial; background-attachment: initial; background-size: initial; background-origin: initial; background-clip: initial; background-position: initial; background-repeat: initial;\"><span style=\"color: windowtext;\">Contamos con un equipo de profesionales altamente\r\ncalificado y la experiencia de varios años de trabajo en el sector turístico, dos aspectos\r\nque nos permiten orientar a  nuestros\r\nclientes  de forma  correcta y recomendar las mejores opciones en\r\ntoda  Cuba  para que su viaje sea una experiencia\r\ninolvidable.<o:p></o:p></span></p>',NULL,0,NULL,NULL,NULL,NULL,NULL);
/*!40000 ALTER TABLE `settings` ENABLE KEYS */;
UNLOCK TABLES;

--
-- Table structure for table `settings_translations`
--

DROP TABLE IF EXISTS `settings_translations`;
/*!40101 SET @saved_cs_client     = @@character_set_client */;
/*!40101 SET character_set_client = utf8 */;
CREATE TABLE `settings_translations` (
  `id` int(11) NOT NULL AUTO_INCREMENT,
  `object_id` int(11) DEFAULT NULL,
  `locale` varchar(8) COLLATE utf8_unicode_ci NOT NULL,
  `field` varchar(32) COLLATE utf8_unicode_ci NOT NULL,
  `content` longtext COLLATE utf8_unicode_ci,
  PRIMARY KEY (`id`),
  UNIQUE KEY `lookup_unique_idx` (`locale`,`object_id`,`field`),
  KEY `IDX_92067801232D562B` (`object_id`),
  CONSTRAINT `FK_92067801232D562B` FOREIGN KEY (`object_id`) REFERENCES `settings` (`id`) ON DELETE CASCADE
) ENGINE=InnoDB AUTO_INCREMENT=9 DEFAULT CHARSET=utf8 COLLATE=utf8_unicode_ci;
/*!40101 SET character_set_client = @saved_cs_client */;

--
-- Dumping data for table `settings_translations`
--

LOCK TABLES `settings_translations` WRITE;
/*!40000 ALTER TABLE `settings_translations` DISABLE KEYS */;
INSERT INTO `settings_translations` VALUES (1,1,'en','name','Rent.cu'),(2,1,'en','message',NULL),(3,1,'en','address',NULL),(4,1,'en','contactdescription','You can contact us through different options, or you can use our Bookings Form for comments or Special Services. We are happy and gladly meet your request at any time and any subject. Thanks in advanced.'),(5,1,'en','aboutus','<p>Rent.cu & Havanacity is a team with representatives in major poles of Cuba with the aim that our customers and visitors to find the information you need for your trip to Cuba. </p><p>We have a team of highly qualified and several years’ experience working in the tourism sector, both of which allow us to guide our clients correctly and recommend the best options across Cuba to make your trip an unforgettable experience. </p>'),(6,1,'en','meta_title',NULL),(7,1,'en','meta_keywords',NULL),(8,1,'en','meta_description',NULL);
/*!40000 ALTER TABLE `settings_translations` ENABLE KEYS */;
UNLOCK TABLES;

--
-- Table structure for table `slide`
--

DROP TABLE IF EXISTS `slide`;
/*!40101 SET @saved_cs_client     = @@character_set_client */;
/*!40101 SET character_set_client = utf8 */;
CREATE TABLE `slide` (
  `id` int(11) NOT NULL AUTO_INCREMENT,
  `name` varchar(255) COLLATE utf8_unicode_ci NOT NULL,
  `title` longtext COLLATE utf8_unicode_ci NOT NULL,
  `subtitle` longtext COLLATE utf8_unicode_ci NOT NULL,
  `path` varchar(255) COLLATE utf8_unicode_ci DEFAULT NULL,
  `enabled` tinyint(1) DEFAULT NULL,
  PRIMARY KEY (`id`)
) ENGINE=InnoDB DEFAULT CHARSET=utf8 COLLATE=utf8_unicode_ci;
/*!40101 SET character_set_client = @saved_cs_client */;

--
-- Dumping data for table `slide`
--

LOCK TABLES `slide` WRITE;
/*!40000 ALTER TABLE `slide` DISABLE KEYS */;
/*!40000 ALTER TABLE `slide` ENABLE KEYS */;
UNLOCK TABLES;

--
-- Table structure for table `slide_translations`
--

DROP TABLE IF EXISTS `slide_translations`;
/*!40101 SET @saved_cs_client     = @@character_set_client */;
/*!40101 SET character_set_client = utf8 */;
CREATE TABLE `slide_translations` (
  `id` int(11) NOT NULL AUTO_INCREMENT,
  `object_id` int(11) DEFAULT NULL,
  `locale` varchar(8) COLLATE utf8_unicode_ci NOT NULL,
  `field` varchar(32) COLLATE utf8_unicode_ci NOT NULL,
  `content` longtext COLLATE utf8_unicode_ci,
  PRIMARY KEY (`id`),
  UNIQUE KEY `lookup_unique_idx` (`locale`,`object_id`,`field`),
  KEY `IDX_48D0BD39232D562B` (`object_id`),
  CONSTRAINT `FK_48D0BD39232D562B` FOREIGN KEY (`object_id`) REFERENCES `slide` (`id`) ON DELETE CASCADE
) ENGINE=InnoDB DEFAULT CHARSET=utf8 COLLATE=utf8_unicode_ci;
/*!40101 SET character_set_client = @saved_cs_client */;

--
-- Dumping data for table `slide_translations`
--

LOCK TABLES `slide_translations` WRITE;
/*!40000 ALTER TABLE `slide_translations` DISABLE KEYS */;
/*!40000 ALTER TABLE `slide_translations` ENABLE KEYS */;
UNLOCK TABLES;

--
-- Table structure for table `subscriber`
--

DROP TABLE IF EXISTS `subscriber`;
/*!40101 SET @saved_cs_client     = @@character_set_client */;
/*!40101 SET character_set_client = utf8 */;
CREATE TABLE `subscriber` (
  `id` int(11) NOT NULL AUTO_INCREMENT,
  `email` varchar(255) COLLATE utf8_unicode_ci NOT NULL,
  `enabled` tinyint(1) NOT NULL,
  `locked` tinyint(1) NOT NULL,
  PRIMARY KEY (`id`),
  UNIQUE KEY `UNIQ_AD005B69E7927C74` (`email`)
) ENGINE=InnoDB DEFAULT CHARSET=utf8 COLLATE=utf8_unicode_ci;
/*!40101 SET character_set_client = @saved_cs_client */;

--
-- Dumping data for table `subscriber`
--

LOCK TABLES `subscriber` WRITE;
/*!40000 ALTER TABLE `subscriber` DISABLE KEYS */;
/*!40000 ALTER TABLE `subscriber` ENABLE KEYS */;
UNLOCK TABLES;

--
-- Table structure for table `user`
--

DROP TABLE IF EXISTS `user`;
/*!40101 SET @saved_cs_client     = @@character_set_client */;
/*!40101 SET character_set_client = utf8 */;
CREATE TABLE `user` (
  `id` int(11) NOT NULL AUTO_INCREMENT,
  `username` varchar(30) COLLATE utf8_unicode_ci NOT NULL,
  `name` varchar(100) COLLATE utf8_unicode_ci NOT NULL,
  `email` varchar(255) COLLATE utf8_unicode_ci NOT NULL,
  `password` varchar(255) COLLATE utf8_unicode_ci NOT NULL,
  `salt` varchar(255) COLLATE utf8_unicode_ci NOT NULL,
  `path` varchar(255) COLLATE utf8_unicode_ci DEFAULT NULL,
  `enabled` tinyint(1) DEFAULT NULL,
  PRIMARY KEY (`id`),
  UNIQUE KEY `UNIQ_8D93D649F85E0677` (`username`),
  UNIQUE KEY `UNIQ_8D93D649E7927C74` (`email`)
) ENGINE=InnoDB AUTO_INCREMENT=2 DEFAULT CHARSET=utf8 COLLATE=utf8_unicode_ci;
/*!40101 SET character_set_client = @saved_cs_client */;

--
-- Dumping data for table `user`
--

LOCK TABLES `user` WRITE;
/*!40000 ALTER TABLE `user` DISABLE KEYS */;
INSERT INTO `user` VALUES (1,'admin','Generate Username','546607a24c51d@madera.lh','Rb85RaxwAQ/X36xu35JsGhrZj5nw4VKcbkfrMxT6mBUXthU5ecX4TQKXZKetUHvnUA3MxyRm6PPHtlDwtdrCdQ==','lrttmm9rcdss0gc0s4sgssk840gg88o',NULL,1);
/*!40000 ALTER TABLE `user` ENABLE KEYS */;
UNLOCK TABLES;

--
-- Table structure for table `user_role`
--

DROP TABLE IF EXISTS `user_role`;
/*!40101 SET @saved_cs_client     = @@character_set_client */;
/*!40101 SET character_set_client = utf8 */;
CREATE TABLE `user_role` (
  `user_id` int(11) NOT NULL,
  `role_id` int(11) NOT NULL,
  PRIMARY KEY (`user_id`,`role_id`),
  KEY `IDX_2DE8C6A3A76ED395` (`user_id`),
  KEY `IDX_2DE8C6A3D60322AC` (`role_id`),
  CONSTRAINT `FK_2DE8C6A3A76ED395` FOREIGN KEY (`user_id`) REFERENCES `user` (`id`) ON DELETE CASCADE,
  CONSTRAINT `FK_2DE8C6A3D60322AC` FOREIGN KEY (`role_id`) REFERENCES `acme_role` (`id`) ON DELETE CASCADE
) ENGINE=InnoDB DEFAULT CHARSET=utf8 COLLATE=utf8_unicode_ci;
/*!40101 SET character_set_client = @saved_cs_client */;

--
-- Dumping data for table `user_role`
--

LOCK TABLES `user_role` WRITE;
/*!40000 ALTER TABLE `user_role` DISABLE KEYS */;
INSERT INTO `user_role` VALUES (1,1),(1,2),(1,3);
/*!40000 ALTER TABLE `user_role` ENABLE KEYS */;
UNLOCK TABLES;

--
-- Table structure for table `visit`
--

DROP TABLE IF EXISTS `visit`;
/*!40101 SET @saved_cs_client     = @@character_set_client */;
/*!40101 SET character_set_client = utf8 */;
CREATE TABLE `visit` (
  `id` int(11) NOT NULL AUTO_INCREMENT,
  `entity_class` varchar(255) COLLATE utf8_unicode_ci NOT NULL,
  `entity_id` int(11) NOT NULL,
  `update_date` datetime NOT NULL,
  `url` varchar(255) COLLATE utf8_unicode_ci NOT NULL,
  `ip` varchar(255) COLLATE utf8_unicode_ci NOT NULL,
  `count` int(11) NOT NULL,
  PRIMARY KEY (`id`),
  UNIQUE KEY `UNIQ_437EE939F47645AEA5E3B32D` (`url`,`ip`)
) ENGINE=InnoDB AUTO_INCREMENT=6 DEFAULT CHARSET=utf8 COLLATE=utf8_unicode_ci;
/*!40101 SET character_set_client = @saved_cs_client */;

--
-- Dumping data for table `visit`
--

LOCK TABLES `visit` WRITE;
/*!40000 ALTER TABLE `visit` DISABLE KEYS */;
INSERT INTO `visit` VALUES (1,'Vibalco\\MainBundle\\Entity\\Homestay',159,'2014-12-23 21:11:25','/es/homestay/casa-de-cachita','127.0.0.1',1),(2,'Vibalco\\MainBundle\\Entity\\Homestay',342,'2014-12-23 21:12:43','/es/homestay/casa-lola','127.0.0.1',1),(3,'Vibalco\\MainBundle\\Entity\\Homestay',107,'2014-12-23 22:02:40','/es/homestay/casa-botello','127.0.0.1',1),(4,'Vibalco\\MainBundle\\Entity\\Homestay',234,'2014-12-23 22:02:47','/es/homestay/estudio-alicia','127.0.0.1',1),(5,'Vibalco\\MainBundle\\Entity\\Homestay',222,'2014-12-23 17:59:22','/es/homestay/in-front-of-the-sea','127.0.0.1',1);
/*!40000 ALTER TABLE `visit` ENABLE KEYS */;
UNLOCK TABLES;
/*!40103 SET TIME_ZONE=@OLD_TIME_ZONE */;

/*!40101 SET SQL_MODE=@OLD_SQL_MODE */;
/*!40014 SET FOREIGN_KEY_CHECKS=@OLD_FOREIGN_KEY_CHECKS */;
/*!40014 SET UNIQUE_CHECKS=@OLD_UNIQUE_CHECKS */;
/*!40101 SET CHARACTER_SET_CLIENT=@OLD_CHARACTER_SET_CLIENT */;
/*!40101 SET CHARACTER_SET_RESULTS=@OLD_CHARACTER_SET_RESULTS */;
/*!40101 SET COLLATION_CONNECTION=@OLD_COLLATION_CONNECTION */;
/*!40111 SET SQL_NOTES=@OLD_SQL_NOTES */;

-- Dump completed on 2014-12-23 19:09:20
