<?xml version="1.0" ?>

<container xmlns="http://symfony.com/schema/dic/services"
    xmlns:xsi="http://www.w3.org/2001/XMLSchema-instance"
    xsi:schemaLocation="http://symfony.com/schema/dic/services http://symfony.com/schema/dic/services/services-1.0.xsd">

    <parameters>
        <parameter key="homestay.filter.class">Vibalco\FrontBundle\Domain\HomestayFilterManager</parameter>
        <parameter key="antiquecar.filter.class">Vibalco\FrontBundle\Domain\AntiqueCarFilterManager</parameter>
    </parameters>
    
    <services>
        <service id="homestay.filter" class="%homestay.filter.class%">
            <argument type="service" id="session" />
            <argument type="service" id="doctrine.orm.entity_manager" />
        </service>
        <service id="antiquecar.filter" class="%antiquecar.filter.class%">
            <argument type="service" id="session" />
            <argument type="service" id="doctrine.orm.entity_manager" />
        </service>
    </services>
</container>
