<?xml version="1.0" ?>

<container xmlns="http://symfony.com/schema/dic/services"
    xmlns:xsi="http://www.w3.org/2001/XMLSchema-instance"
    xsi:schemaLocation="http://symfony.com/schema/dic/services http://symfony.com/schema/dic/services/services-1.0.xsd">
    
   <parameters>
        <parameter key="visit.class">Vibalco\MainBundle\Service\VisitService</parameter>
    </parameters>

    <services>
        <service id="visit" class="%visit.class%">
            <argument type="service" id="validator" />
            <argument type="service" id="doctrine.orm.entity_manager" />
        </service>
    </services>
</container>
